time,TATM,TATM_1,E,NC,nonUV,ES,YGROSS,S,invNCfrac,MIU,CPC,YNET,K,scc,gama3,ratioKNC,g4,theta1,share1,climsen,prtp,share2,theta2,YGreen,elasmu,damageNC,TATM_2,E_1,NC_1,nonUV_1,ES_1,YGROSS_1,S_1,invNCfrac_1,MIU_1,CPC_1,YNET_1,K_1,scc_1,gama3_1,ratioKNC_1,g4_1,theta1_1,share1_1,climsen_1,prtp_1,share2_1,theta2_1,YGreen_1,elasmu_1,damageNC_1,TATM_3,E_2,NC_2,nonUV_2,ES_2,YGROSS_2,S_2,invNCfrac_2,MIU_2,CPC_2,YNET_2,K_2,scc_2,gama3_2,ratioKNC_2,g4_2,theta1_2,share1_2,climsen_2,prtp_2,share2_2,theta2_2,YGreen_2,elasmu_2,damageNC_2,TATM_4,E_3,NC_3,nonUV_3,ES_3,YGROSS_3,S_3,invNCfrac_3,MIU_3,CPC_3,YNET_3,K_3,scc_3,gama3_3,ratioKNC_3,g4_3,theta1_3,share1_3,climsen_3,prtp_3,share2_3,theta2_3,YGreen_3,elasmu_3,damageNC_3
2010,0.83,0.83,14.72200604726283,34.883720930232556,5.906244232186183,42.94752999324122,62.643043114968066,0.25530471129905735,0.0,0.5696472860191457,6.7308615554435365,62.583158249582446,135.0,102.5500092923837,0.01053122614104478,3.87,0.5,0.5481250000000001,0.1,3.2,0.015,0.1,0.63,61.80464951834285,1.45,0.07914976163816917,0.83,15.223889871309918,34.883720930232556,5.906244232186183,42.94752999324122,62.643043114968066,0.2547499472641979,0.0,0.5532626418832676,6.742533431133811,62.583158249582446,135.0,97.9500126165761,0.01053122614104478,3.87,0.5,0.5481250000000001,0.1,3.2,0.015,0.1,0.78,61.865736785714525,1.45,0.07914976163816917,0.83,14.662845273821013,34.883720930232556,5.906244232186183,42.94752999324122,62.643043114968066,0.25337174601198914,0.0,0.571578665699469,6.747523052118548,62.583158249582446,135.0,103.26686021241048,0.01053122614104478,3.87,0.5,0.5481250000000001,0.1,3.2,0.015,0.1,0.62,61.797236287186536,1.45,0.07914976163816917,0.83,11.38602290162751,34.883720930232556,5.906244232186183,42.94752999324122,62.643043114968066,0.25462790039268657,0.0,0.6785547543726068,6.683340183817951,62.583158249582446,135.0,125.78886750953691,0.01053122614104478,3.87,0.5,0.5481250000000001,0.1,3.2,0.015,0.1,0.27,61.31257153443733,1.45,0.07914976163816917
2015,0.9197159606006822,0.9177754785231063,14.221692663338843,32.703423563453526,5.71869072108761,48.63521539276603,74.2012431799851,0.2538606050482242,0.0,0.623628639247935,7.520348050612166,74.11451262464536,158.61124101109974,116.73632293608107,0.01053122614104478,3.87,0.5,0.5481250000000001,0.1,3.2,0.015,0.1,0.63,73.0124969639768,1.45,0.07914976163816917,0.9182480459221731,15.24025749309188,32.701318199001996,5.718506640636347,48.634912969680435,74.18856192318049,0.2525192075140393,0.0,0.5940472442770478,7.5470350394953964,74.10175686664127,158.51761591810765,111.75443323715218,0.01053122614104478,3.87,0.5,0.5481250000000001,0.1,3.2,0.015,0.1,0.78,73.140101735174,1.45,0.07914976163816917,0.9177197476789685,14.4082459225975,32.7036717998301,5.718712424998314,48.63325244257006,74.11896962104728,0.2521272983866095,0.0,0.6177996436115982,7.532410612645591,74.03234575286098,158.00451828399954,117.40602619399776,0.01053122614104478,3.87,0.5,0.5481250000000001,0.1,3.2,0.015,0.1,0.62,72.96011948172473,1.45,0.07914976163816917,0.9146243655499204,10.386990961568923,32.71744148358617,5.71991621298653,48.632509899204784,74.08787016088876,0.250695437667812,0.0,0.7343298128517866,7.474740105351409,74.00186575709516,157.7756067874509,144.0036048968645,0.01053122614104478,3.87,0.5,0.5481250000000001,0.1,3.2,0.015,0.1,0.27,72.2631603683848,1.45,0.07914976163816917
2020,1.007454095791495,1.0016106889331249,13.276686335196057,30.297641231774044,5.50432931716245,53.627984700672656,87.13323512429612,0.25181423065165787,0.0,0.6812571031159398,8.398174799785446,87.0119326146742,186.3333349814282,132.35378975472625,0.01053122614104478,3.87,0.5,0.5481250000000001,0.1,3.2,0.015,0.1,0.63,85.47435640734598,1.45,0.07914976163816917,1.0033998538661668,14.772891887529955,30.287723670969314,5.503428356122146,53.625820660373805,87.08117744288812,0.2520598466020935,0.0,0.6422430532214902,8.413333144880438,86.95951391506051,185.94946966179515,126.42514584127113,0.01053122614104478,3.87,0.5,0.5481250000000001,0.1,3.2,0.015,0.1,0.78,85.65675352617939,1.45,0.07914976163816917,1.0016863736929782,13.94061006013003,30.297534364943296,5.504319609628723,53.62488960217927,86.9898678756044,0.2569034643764146,0.0,0.663486226939699,8.33800965927868,86.8687466521549,185.27627707597637,131.57139865197422,0.01053122614104478,3.87,0.5,0.5481250000000001,0.1,3.2,0.015,0.1,0.62,85.44320499118919,1.45,0.07914976163816917,0.9924079708222686,8.568984758461239,30.351468368077995,5.509216674635152,53.62673760362386,86.78154245334869,0.2523289211431739,0.0,0.8025424508595025,8.27121336736951,86.66293939216523,183.74514113097945,161.9913846850051,0.01053122614104478,3.87,0.5,0.5481250000000001,0.1,3.2,0.015,0.1,0.27,84.24012751948175,1.45,0.07914976163816917
2025,1.0929962632585213,1.0811341686681042,12.362321433478122,27.732032104068313,5.266121163063789,58.507038541440664,101.40845506432989,0.25142085974342226,0.0,0.729021368107789,9.342945969104015,101.24397192032491,217.64626746899071,149.09018093763893,0.01053122614104478,3.87,0.5,0.5481250000000001,0.1,3.2,0.015,0.1,0.63,99.23656765652105,1.45,0.07914976163816917,1.0853263021880026,14.301140247522481,27.704725390446544,5.263527846458737,58.50180025596266,101.42269276142822,0.2523464055471461,0.0,0.6836727303621033,9.363655604035413,101.25690829391678,217.754443111804,142.5189834245878,0.01053122614104478,3.87,0.5,0.5481250000000001,0.1,3.2,0.015,0.1,0.78,99.57965670659351,1.45,0.07914976163816917,1.0819293794365037,13.31201505319423,27.728478872934243,5.265783785243584,58.51124120898681,101.6117164892276,0.2500415667182407,0.0,0.7073729803734913,9.394255663358402,101.44666111794237,219.15706569889662,150.67181289265093,0.01053122614104478,3.87,0.5,0.5481250000000001,0.1,3.2,0.015,0.1,0.62,99.5980419622956,1.45,0.07914976163816917,1.0628327074357167,6.649407801703982,27.860499333267704,5.278304588906148,58.528938544088625,101.02204427888049,0.25440869148122514,0.0,0.8622514149521452,9.15821139057454,100.86368846225744,214.7807708562032,182.02828579637128,0.01053122614104478,3.87,0.5,0.5481250000000001,0.1,3.2,0.015,0.1,0.27,97.66421088982875,1.45,0.07914976163816917
2030,1.1757869166458879,1.1561419829771797,10.774771004931686,25.078780863559533,5.007871889691223,63.196479735853,117.12247151736473,0.24822926552708016,0.0,0.7839815009441328,10.407388128486257,116.90522610295008,253.2686602687084,168.04769203662948,0.01053122614104478,3.87,0.5,0.5481250000000001,0.1,3.2,0.015,0.1,0.63,114.26769368462503,1.45,0.07914976163816917,1.1639697140123326,12.683612247139598,25.02156049482762,5.002155584828167,63.180967363455075,117.24905724408258,0.24823092426075366,0.0,0.7436098601943039,10.451434097802004,117.02862213531486,254.2246632907273,161.14002338553033,0.01053122614104478,3.87,0.5,0.5481250000000001,0.1,3.2,0.015,0.1,0.78,114.75154864746305,1.45,0.07914976163816917,1.158373082308732,11.558082301400765,25.066302626719228,5.006625872453346,63.195866864370274,117.21053417733906,0.2477423337784812,0.0,0.7674757297693715,10.435796772298666,116.99228550764177,253.92830799614882,169.22335940752325,0.01053122614104478,3.87,0.5,0.5481250000000001,0.1,3.2,0.015,0.1,0.62,114.50543910490438,1.45,0.07914976163816917,1.125460394698145,3.510488888866025,25.32183533112277,5.0320806165166685,63.27524442922118,116.83144717021678,0.24939753587679034,0.0,0.9385215228032957,10.209724678732972,116.62609077347557,251.0590178680182,206.0680596331099,0.01053122614104478,3.87,0.5,0.5481250000000001,0.1,3.2,0.015,0.1,0.27,112.27192545174061,1.45,0.07914976163816917
2035,1.255597986141215,1.2259071200296479,9.313845232495133,22.412778965389627,4.734213658612128,67.62068258930606,134.02596736035792,0.2489414194341675,0.0,0.8278309667675791,11.494874061379269,133.74646071923638,291.37553958610886,187.1475705690055,0.01053122614104478,3.87,0.5,0.5481250000000001,0.1,3.2,0.015,0.1,0.63,130.48323585152139,1.45,0.07914976163816917,1.2382813594130901,11.391382355891828,22.31351324923323,4.72371815937755,67.5788278600079,134.1777705437684,0.24648330853642278,0.0,0.7874683307477914,11.582767127959798,133.89226977109647,292.54153633210456,180.3747980091663,0.01053122614104478,3.87,0.5,0.5481250000000001,0.1,3.2,0.015,0.1,0.78,131.05203248896436,1.45,0.07914976163816917,1.2299711453602962,9.056360211357028,22.38582293074788,4.731365863125349,67.61193254487377,134.07927113447255,0.24813125051577842,0.0,0.8329296965087709,11.506693901295932,133.7977963257451,291.7813501595398,188.06284514868628,0.01053122614104478,3.87,0.5,0.5481250000000001,0.1,3.2,0.015,0.1,0.62,130.4766623859517,1.45,0.07914976163816917,1.1788344931132466,1.317515614605226,22.812658959381928,4.776259934235356,67.80203554724142,133.6217204669509,0.24773648019937147,0.0,0.9840630577276432,11.301697170101717,133.36404636262418,288.24954723992016,230.75081957013296,0.01053122614104478,3.87,0.5,0.5481250000000001,0.1,3.2,0.015,0.1,0.27,128.08491292267928,1.45,0.07914976163816917
2040,1.3320130503850462,1.2900325716657122,6.967638944608932,19.804177292035,4.450188455788698,71.72656655979206,152.44502846955152,0.24635768613488998,0.0,0.8815768969765576,12.719931403888802,152.0929798357705,334.4677520964064,208.8364363601137,0.01053122614104478,3.87,0.5,0.5481250000000001,0.1,3.2,0.015,0.1,0.63,147.98252858038146,1.45,0.07914976163816917,1.307794560075499,8.548986817896587,19.653042665675382,4.433175235164451,71.63398108495679,152.40963578858262,0.24741317458977466,0.0,0.8530132437784371,12.729406337066068,152.04790995659926,334.253544580258,199.6050194124003,0.01053122614104478,3.87,0.5,0.5481250000000001,0.1,3.2,0.015,0.1,0.78,148.300456321843,1.45,0.07914976163816917,1.2952706548618564,6.903897588008607,19.761642446408885,4.445406893233609,71.70091350241218,152.4038871960371,0.2497176498711631,0.0,0.8826952143934159,12.65830910704222,152.04906960503558,334.1706564604628,208.22293472303798,0.01053122614104478,3.87,0.5,0.5481250000000001,0.1,3.2,0.015,0.1,0.62,147.92511494730277,1.45,0.07914976163816917,1.222746755206021,0.41675005998545944,20.39872356836832,4.516494610687399,72.08185541834379,151.72964203890857,0.24638458001864286,0.0,0.9997621516675913,12.5143583375185,151.41484436317296,328.8650026202383,258.08256496802386,0.01053122614104478,3.87,0.5,0.5481250000000001,0.1,3.2,0.015,0.1,0.27,145.59610579396613,1.45,0.07914976163816917
2045,1.4038693665468371,1.3474369367419452,3.8932441667398643,17.31583587239661,4.161230091258667,75.46115561528731,172.00402517753,0.247399199886917,0.0,0.9400727683862858,13.94226105147904,171.57067043597866,379.78302958267204,229.9976534129994,0.01053122614104478,3.87,0.5,0.5481250000000001,0.1,3.2,0.015,0.1,0.63,166.41398803970975,1.45,0.07914976163816917,1.3707781919875193,5.665438740739218,17.108570481220582,4.136250775910544,75.29618758400629,172.12736805171454,0.2458332718184699,0.0,0.9103912118946021,14.0172388320174,171.67854790116698,380.83080899769357,221.38646799625934,0.01053122614104478,3.87,0.5,0.5481250000000001,0.1,3.2,0.015,0.1,0.78,166.96152333713968,1.45,0.07914976163816917,1.353504867392112,3.5264511401824112,17.259070067208935,4.154403695743703,75.41887313497298,172.29304047051366,0.24335199691276907,0.0,0.9463194901314304,14.032316556053226,171.85503914502465,382.0219912411493,232.79675386599962,0.01053122614104478,3.87,0.5,0.5481250000000001,0.1,3.2,0.015,0.1,0.62,166.59301079910182,1.45,0.07914976163816917,1.258332061317029,0.35296866172906866,18.12695078890469,4.257575693854977,76.09679976529856,171.23601427216255,0.24566283229748534,0.0,0.9994930872239216,13.835954808689765,170.8597667219351,373.5546722892057,287.6737449171619,0.01053122614104478,3.87,0.5,0.5481250000000001,0.1,3.2,0.015,0.1,0.27,164.7649845766465,1.45,0.07914976163816917
2050,1.4696843179983097,1.3966295698441198,0.4202236258227917,15.000020513543976,3.8729859944936513,78.80132781773516,193.0588877867684,0.24427063576494334,0.0,0.9974591351482396,15.338544236169115,192.53632279529708,430.1115185933479,254.38394778462623,0.01053122614104478,3.87,0.5,0.5481250000000001,0.1,3.2,0.015,0.1,0.63,186.18867396620556,1.45,0.07914976163816917,1.4258789941447958,2.823932182918904,14.737056440357685,3.838887396154996,78.52710197731362,193.03294527558927,0.24254242185798192,0.0,0.9597301727584948,15.423361315515935,192.48833626157514,430.1002721538724,245.17010978273055,0.01053122614104478,3.87,0.5,0.5481250000000001,0.1,3.2,0.015,0.1,0.78,186.79107898244186,1.45,0.07914976163816917,1.402972775791534,0.8944840658777025,14.932664601625936,3.864280605963539,78.72293133797557,192.8143943397631,0.24248647764608428,0.0,0.9900034815461044,15.365775677766619,192.2877396134676,428.2838748563459,255.8251556029145,0.01053122614104478,3.87,0.5,0.5481250000000001,0.1,3.2,0.015,0.1,0.62,186.07992052171957,1.45,0.07914976163816917,1.2873706730103964,0.35074490204667125,16.024861672922544,4.003106502820346,79.83841399026588,192.2172486774263,0.2445831773272549,0.0,0.9985431759678127,15.270216148230693,191.77518215676267,422.9634623128054,319.5811036719286,0.01053122614104478,3.87,0.5,0.5481250000000001,0.1,3.2,0.015,0.1,0.27,185.435955069266,1.45,0.07914976163816917
2055,1.5278994688181051,1.4360754506186713,0.34529560561577033,12.89512857729239,3.5909787770595902,81.73070342107545,215.0677855528889,0.24019829191350278,0.0,0.9979507734178291,16.907238694734843,214.4522999118746,481.37867942396997,281.7642990887876,0.01053122614104478,3.87,0.5,0.5481250000000001,0.1,3.2,0.015,0.1,0.63,207.87209480498706,1.45,0.07914976163816917,1.4721022167929918,0.3261482503306295,12.579386523591833,3.5467430867757863,81.31176353539392,214.91322705742184,0.24412281102199207,0.0,0.9982325230405473,16.804873005054453,214.26693752093902,480.4937130934753,267.7420618114987,0.01053122614104478,3.87,0.5,0.5481250000000001,0.1,3.2,0.015,0.1,0.78,207.68626192029603,1.45,0.07914976163816917,1.4430492207774714,0.3838234287671993,12.81971026936806,3.5804622982749112,81.61915394088268,214.68539061979212,0.24063799414539191,0.0,0.9973766236896797,16.867783800142327,214.06501770736736,478.50666770379917,281.7677826588458,0.01053122614104478,3.87,0.5,0.5481250000000001,0.1,3.2,0.015,0.1,0.62,207.5070882011272,1.45,0.07914976163816917,1.3113893154344833,0.2197794480142307,14.104937567680322,3.7556540798748124,83.30045575845968,214.5875390999138,0.24803878249119263,0.0,0.9998056117788686,16.700862811727585,214.07543786040233,476.5282702688643,350.4801529769276,0.01053122614104478,3.87,0.5,0.5481250000000001,0.1,3.2,0.015,0.1,0.27,207.4757008558229,1.45,0.07914976163816917
2060,1.5769238873660913,1.4678129243749538,0.22546586260939636,11.016523131912805,3.319114811499115,84.26433253002935,238.0651280568207,0.24127461246227486,0.0,0.9991576209681263,18.43391849862258,237.35338171273375,533.901906956258,307.2716567124306,0.01053122614104478,3.87,0.5,0.5481250000000001,0.1,3.2,0.015,0.1,0.63,230.56016616926314,1.45,0.07914976163816917,1.5090050615876798,0.28460438647944614,10.658404868048633,3.2647212542648467,83.66729653621688,238.43168525120106,0.2449922256272252,0.0,0.9983318337954488,18.369863850177424,237.6782717347032,537.2315029977282,293.37671693709734,0.01053122614104478,3.87,0.5,0.5481250000000001,0.1,3.2,0.015,0.1,0.78,230.89032947987292,1.45,0.07914976163816917,1.4752852072372196,0.2889656767045168,10.935829853493257,3.3069366267730707,84.11858823113279,237.8336012630261,0.24838672780029564,0.0,0.9982664905928211,18.244130040891402,237.1152890784237,532.2238495907673,303.92863310931523,0.01053122614104478,3.87,0.5,0.5481250000000001,0.1,3.2,0.015,0.1,0.62,230.34561456355024,1.45,0.07914976163816917,1.3315076015087421,0.20962835222862636,12.3692194164842,3.5169901075328887,86.48846069552887,238.90737604951596,0.23504445840061183,0.0,0.9993816452897719,18.660890227064307,238.31960944808458,538.6952794949877,395.3074658108147,0.01053122614104478,3.87,0.5,0.5481250000000001,0.1,3.2,0.015,0.1,0.27,231.49807955032196,1.45,0.07914976163816917
2065,1.6159946531492644,1.4934807550145264,0.14601192051040596,9.363473612854841,3.0599793484360056,86.4291744861136,262.77670330548875,0.24296168580106434,0.0,0.9998170029373983,20.066057107196823,261.96335949313084,593.4053107472341,334.1439279660578,0.01053122614104478,3.87,0.5,0.5481250000000001,0.1,3.2,0.015,0.1,0.63,254.97913558403852,1.45,0.07914976163816917,1.5385939303067009,0.3658517253464303,8.976489404269419,2.996079005011286,85.61637350294717,263.53481530674964,0.23553233742746102,0.0,0.9969003329408169,20.32199765241636,262.6691020398044,600.0615086805155,326.49923326272886,0.01053122614104478,3.87,0.5,0.5481250000000001,0.1,3.2,0.015,0.1,0.78,255.72179143590782,1.45,0.07914976163816917,1.501368250232411,0.2965120618125524,9.280141271339248,3.0463324295518452,86.25600472772193,263.64241560480116,0.24100294624619595,0.0,0.9978213352825663,20.18665624466246,262.8177501866248,600.3468282677941,337.8757416116756,0.01053122614104478,3.87,0.5,0.5481250000000001,0.1,3.2,0.015,0.1,0.62,255.84960925518862,1.45,0.07914976163816917,1.348760330555589,0.25575466517484635,10.812390461751582,3.288219953371669,89.37064188029119,262.6795497668547,0.2434117092736562,0.0,0.9983559464272261,20.06075067711523,262.01644236253367,590.1558792324313,423.11966319628374,0.01053122614104478,3.87,0.5,0.5481250000000001,0.1,3.2,0.015,0.1,0.27,255.0633299297148,1.45,0.07914976163816917
2070,1.6469876864153405,1.514464859380481,0.1318678087404534,7.92481669526185,2.8151050948875516,88.24360302643446,289.21266648584424,0.2398303320878534,0.0,0.9996696374508349,21.956787020434795,288.2921665620151,660.150705071115,365.7793894172477,0.01053122614104478,3.87,0.5,0.5481250000000001,0.1,3.2,0.015,0.1,0.63,281.14684340404943,1.45,0.07914976163816917,1.56264018040775,0.1414401780083266,7.522588262173822,2.7427337206104827,87.16551248284897,288.49110673946086,0.23796339439679398,0.0,0.9995471543464071,21.9513423186456,287.5135579323887,655.4840766009429,351.54104648189724,0.01053122614104478,3.87,0.5,0.5481250000000001,0.1,3.2,0.015,0.1,0.78,280.3885066490821,1.45,0.07914976163816917,1.5227846649218921,0.2212633570949191,7.8410150450102405,2.800181252171052,88.0192624428225,289.5210751982512,0.2409370728755745,0.0,0.9985378884321349,21.94917462152004,288.58944143770265,662.8013467560421,366.6550221334039,0.01053122614104478,3.87,0.5,0.5481250000000001,0.1,3.2,0.015,0.1,0.62,281.45915003187906,1.45,0.07914976163816917,1.3640415265608603,0.11352302125298756,9.424477929697902,3.069931258138837,91.9945275945514,289.4932911784813,0.24306666028393342,0.0,0.999902297497526,21.89768697829028,288.7458418884045,658.9081506840703,462.0860808268739,0.01053122614104478,3.87,0.5,0.5481250000000001,0.1,3.2,0.015,0.1,0.27,281.5889237426868,1.45,0.07914976163816917
2075,1.6717017758897035,1.5319617084439832,0.09168033959773275,6.6833389979328635,2.5852154645082996,89.71665575939687,316.44067460853637,0.24295413587578807,0.0,0.999914578315161,23.722420844279636,315.41010775978845,726.9500939326672,393.3907527540885,0.01053122614104478,3.87,0.5,0.5481250000000001,0.1,3.2,0.015,0.1,0.63,308.13314996763603,1.45,0.07914976163816917,1.5822978240010426,0.306661655337791,6.278426409791002,2.5056788321313253,88.36596733408882,315.4735245517249,0.23740842446402455,0.0,0.9972953087058325,23.821958476464037,314.37748197398724,720.6677963524089,380.72935046928666,0.01053122614104478,3.87,0.5,0.5481250000000001,0.1,3.2,0.015,0.1,0.78,307.1758499878149,1.45,0.07914976163816917,1.5406665077114716,0.29446334460941154,6.600880596782522,2.569217895933025,89.44551463800536,316.8451140721992,0.23945538095368774,0.0,0.9974549795324812,23.86547887401257,315.80147016131485,730.4472859596158,397.7337894208428,0.01053122614104478,3.87,0.5,0.5481250000000001,0.1,3.2,0.015,0.1,0.62,308.56528459037355,1.45,0.07914976163816917,1.3778750022091908,0.10475931775573546,8.19328203612495,2.8623909649321053,94.33832038162222,317.56709873992736,0.24857490392080075,0.0,0.9997565972081917,23.645453804891158,316.73044994565174,731.3030702328472,497.10376451935116,0.01053122614104478,3.87,0.5,0.5481250000000001,0.1,3.2,0.015,0.1,0.27,309.4308188069259,1.45,0.07914976163816917
2080,1.6917000881797217,1.546916260655269,0.0836682839068482,5.619077722948956,2.370459390698131,90.87982438494318,345.67318327458054,0.23841504548843284,0.0,0.9998141510748265,25.88123604834408,344.5253274450059,803.5678768916589,428.6262352030382,0.01053122614104478,3.87,0.5,0.5481250000000001,0.1,3.2,0.015,0.1,0.63,337.13168880705996,1.45,0.07914976163816917,1.598889887789358,0.3111252158309523,5.221829349916163,2.2851322390435445,89.23467906720605,343.7695253694802,0.2400422232307986,0.0,0.9971482380748876,25.681933332185146,342.54999524650265,790.1777999631574,408.4779743085459,0.01053122614104478,3.87,0.5,0.5481250000000001,0.1,3.2,0.015,0.1,0.78,335.2518389914061,1.45,0.07914976163816917,1.5560796089079165,0.12944770323898644,5.539268924689261,2.3535651519958525,90.55048177851616,345.2779501802894,0.2434460647207351,0.0,0.9992799301486864,25.68067182137432,344.1177831646786,800.7599067396484,425.22896912373403,0.01053122614104478,3.87,0.5,0.5481250000000001,0.1,3.2,0.015,0.1,0.62,336.7436418451701,1.45,0.07914976163816917,1.3908146344819927,0.11479591091203728,7.105411206858624,2.665597720373167,96.41568358674616,348.0091516283048,0.23435414448617195,0.0,0.9994551503536552,26.212739789836345,347.0750003461155,816.4108302171255,553.906752005336,0.01053122614104478,3.87,0.5,0.5481250000000001,0.1,3.2,0.015,0.1,0.27,339.63887874236167,1.45,0.07914976163816917
2085,1.7081800454007017,1.5601219864633002,0.07471192973668597,4.711426238649565,2.170582004589913,91.73374615996316,375.1867812023729,0.23889485973378122,0.0,0.9997690064459916,27.900597710100246,373.9195592456586,876.3851302383927,459.27496130424333,0.01053122614104478,3.87,0.5,0.5481250000000001,0.1,3.2,0.015,0.1,0.63,366.45259963537404,1.45,0.07914976163816917,1.613327831310037,0.09743167110177817,4.329828006919012,2.0808238769581178,89.79928333284685,373.97560562134333,0.24127363277547215,0.0,0.9995118969854787,27.717365714948315,372.6248506590179,868.9650729687992,438.7705862272352,0.01053122614104478,3.87,0.5,0.5481250000000001,0.1,3.2,0.015,0.1,0.78,365.1873539973724,1.45,0.07914976163816917,1.569645196041527,0.07444052892609748,4.6353401513260915,2.152984010931361,91.36162157736763,375.91506318073334,0.24222538281815292,0.0,0.9997725005520779,27.83124459991157,374.62983344563156,882.7352894653716,458.934937386691,0.01053122614104478,3.87,0.5,0.5481250000000001,0.1,3.2,0.015,0.1,0.62,367.14830637045475,1.45,0.07914976163816917,1.4033164400316052,0.12070118253851489,6.147244026634147,2.4793636334015523,98.18658179251425,376.5712421656922,0.2394690099257402,0.0,0.9992545064404206,28.001722855326136,375.54216859877596,880.0613254444547,586.6848376120437,0.01053122614104478,3.87,0.5,0.5481250000000001,0.1,3.2,0.015,0.1,0.27,368.0584495641026,1.45,0.07914976163816917
2090,1.7221008242662679,1.572211915676828,0.214443134185074,3.9404847334115525,1.98506542295501,92.30619692733214,406.18648105494225,0.24060782559098198,0.0,0.9981380339843572,29.982573388109586,404.7932097984042,955.2148674993294,489.81252396354665,0.01053122614104478,3.87,0.5,0.5481250000000001,0.1,3.2,0.015,0.1,0.63,397.30296458840655,1.45,0.07914976163816917,1.6261273636716809,0.1916620624392943,3.580456567169367,1.8922094406194487,90.07519531999284,405.63469672356774,0.23610378723080055,0.0,0.9983837438283749,30.111671970646917,404.14625355232704,953.6655836503882,475.4487651510936,0.01053122614104478,3.87,0.5,0.5481250000000001,0.1,3.2,0.015,0.1,0.78,396.6610265341296,1.45,0.07914976163816917,1.5819696977531341,0.09060310085911724,3.8689660041398253,1.9669687349167055,91.88296658597882,407.42783393658266,0.24507302475426365,0.0,0.9994872382110113,29.893926991636395,406.01290358795194,965.9095563845068,489.1100518282324,0.01053122614104478,3.87,0.5,0.5481250000000001,0.1,3.2,0.015,0.1,0.62,398.47129685470657,1.45,0.07914976163816917,1.4157312995066524,0.14461666602232276,5.305570999976637,2.303382512735702,99.70046739048945,407.9599159193002,0.24732954316627145,0.0,0.9989026821632284,29.86552165545304,406.8252520998564,960.3603746212893,619.7284342148606,0.01053122614104478,3.87,0.5,0.5481250000000001,0.1,3.2,0.015,0.1,0.27,399.2861561058714,1.45,0.07914976163816917
2095,1.734316298394013,1.583836683058018,0.0349122454517029,3.2877092818789246,1.8132041478771563,92.61266758708214,438.88192712054797,0.23645093152657085,0.0,0.9999974599003915,32.424996842134085,437.35416218569156,1042.0158391620162,526.82032099075,0.01053122614104478,3.87,0.5,0.5481250000000001,0.1,3.2,0.015,0.1,0.63,429.77987640334544,1.45,0.07914976163816917,1.638004934481266,0.08348292944203342,2.953286166158288,1.7185127774207232,90.06963159637421,437.1411089060482,0.23616651454951162,0.0,0.9994831286525212,32.30124327576817,435.51353729153635,1031.395843547543,506.0851953442133,0.01053122614104478,3.87,0.5,0.5481250000000001,0.1,3.2,0.015,0.1,0.78,427.98015446388024,1.45,0.07914976163816917,1.5936050654964444,0.12384205722576677,3.2214352237628097,1.7948357094070782,92.13828117055229,440.8114503895276,0.2321488235261438,0.0,0.999063622777598,32.75111643244741,439.2579823735651,1058.6327639391727,535.5100821606919,0.01053122614104478,3.87,0.5,0.5481250000000001,0.1,3.2,0.015,0.1,0.62,431.670271833538,1.45,0.07914976163816917,1.4283469433730989,0.046506129476011675,4.567942542472358,2.137274559450039,100.9593762037577,442.5488768624671,0.23711869245216347,0.0,0.9998762120280916,32.689197042308884,441.2959759997633,1060.8595105215338,677.7960895046264,0.01053122614104478,3.87,0.5,0.5481250000000001,0.1,3.2,0.015,0.1,0.27,433.66099811839484,1.45,0.07914976163816917
2100,1.7455011756961163,1.5951834315094942,0.04657516077619074,2.7365530278364267,1.6542530120378887,92.6527082775392,471.6140343937962,0.23934657230682188,0.0,0.9998064135387499,34.58011813015817,469.9487208019785,1123.4091935015067,555.6047744053303,0.01053122614104478,3.87,0.5,0.5481250000000001,0.1,3.2,0.015,0.1,0.63,462.3732680521859,1.45,0.07914976163816917,1.6493243415108232,0.04775104252950597,2.4300706164420998,1.5588683768818006,89.81224742317583,469.9850740186478,0.2355601001621804,0.0,0.9997936169004117,34.623630175691105,468.21094888441485,1114.4018385368697,537.9269610161391,0.01053122614104478,3.87,0.5,0.5481250000000001,0.1,3.2,0.015,0.1,0.78,460.66193238141807,1.45,0.07914976163816917,1.6050014970703304,0.17048317825677436,2.6758503549609514,1.6358026638201049,92.11053070206016,471.84813019936513,0.23941583126962446,0.0,0.9985338174423859,34.594611796479676,470.1614172934574,1126.1707895652748,557.2631917702713,0.01053122614104478,3.87,0.5,0.5481250000000001,0.1,3.2,0.015,0.1,0.62,462.60918537523526,1.45,0.07914976163816917,1.4412526044942053,0.0981836275814942,3.922965431304602,1.980647730239934,101.9228332553332,475.33194700671095,0.23302200810431786,0.0,0.9992817285643364,35.16660908720066,473.9618060131169,1140.57257657453,723.6320484064198,0.01053122614104478,3.87,0.5,0.5481250000000001,0.1,3.2,0.015,0.1,0.27,466.3378469343165,1.45,0.07914976163816917
2105,1.7525421803435923,1.6030493315268628,0.14345605514787899,2.2740244990420653,1.5079869028085309,92.4541576826641,506.46252009131524,0.24373479816689175,0.0,0.998785313901957,36.80480089182583,504.6564727413145,1216.699178843675,584.1516530199242,0.01053122614104478,3.87,0.5,0.5481250000000001,0.1,3.2,0.015,0.1,0.63,497.1005697499771,1.45,0.07914976163816917,1.6569038369548166,0.06891184215589559,1.9962918803910086,1.4129019358720578,89.31683540241674,503.8841169809773,0.24023683756905986,0.0,0.999529604558591,36.77649595691975,501.96450557262585,1200.6109963009885,564.3833203830214,0.01053122614104478,3.87,0.5,0.5481250000000001,0.1,3.2,0.015,0.1,0.78,494.4313737042522,1.45,0.07914976163816917,1.6129851130778603,0.2898495693575823,2.2189182865084356,1.489603399065817,91.85741400919527,506.59249112792287,0.23717046585545354,0.0,0.9973196249353349,37.1344297322758,504.76351720950123,1218.772402878278,592.7642169320601,0.01053122614104478,3.87,0.5,0.5481250000000001,0.1,3.2,0.015,0.1,0.62,497.23668875413426,1.45,0.07914976163816917,1.451128073213012,0.02312451153257351,3.362528138505328,1.8337197546259156,102.61312937359246,508.40309958203284,0.23096939119216808,0.0,0.9999906720717502,37.59216568812726,506.9174796297695,1216.8316084798867,765.4890447049988,0.01053122614104478,3.87,0.5,0.5481250000000001,0.1,3.2,0.015,0.1,0.27,499.3069672916325,1.45,0.07914976163816917
2110,1.7564665663192438,1.6082437007967483,0.030365298488455643,1.8876010004424644,1.3738999237362466,92.04813429332606,543.6586271934824,0.2398790166930336,0.0,0.9998768236147301,39.600740297847956,541.7073541356626,1324.2522332986896,623.3434304332775,0.01053122614104478,3.87,0.5,0.5481250000000001,0.1,3.2,0.015,0.1,0.63,534.1276490356888,1.45,0.07914976163816917,1.6615415002465355,0.08984898440033781,1.638305241211676,1.2799629843130917,88.62676727313556,540.3589397955376,0.2344189100477075,0.0,0.9992916415284434,39.63428426403831,538.2888328951983,1302.8519352739486,604.0437005646244,0.01053122614104478,3.87,0.5,0.5481250000000001,0.1,3.2,0.015,0.1,0.78,530.7674711989603,1.45,0.07914976163816917,1.6183747720856156,0.16377853333429124,1.8379117217859398,1.3556960285351358,91.38589752835439,541.737238188956,0.24089757217257265,0.0,0.9985689305973818,39.40813321816163,539.7682870680449,1309.3222017368003,620.4630530420902,0.01053122614104478,3.87,0.5,0.5481250000000001,0.1,3.2,0.015,0.1,0.62,532.2430004254331,1.45,0.07914976163816917,1.4584673010337739,0.05735847363773669,2.8779858759927626,1.6964627540835557,103.0589340094319,542.4024897741632,0.2477336890819498,0.0,0.9996123283821116,39.1267530888612,540.8014463412217,1295.150027758069,780.2742354572638,0.01053122614104478,3.87,0.5,0.5481250000000001,0.1,3.2,0.015,0.1,0.27,533.2448541622922,1.45,0.07914976163816917
2115,1.7578006877177972,1.6112147169149267,0.042676254185106476,1.5658581724373108,1.2513425480008704,91.44383104972835,580.369849734899,0.24188633769647175,0.0,0.9997274659783315,42.06837083338741,578.2791111764263,1422.5877774367573,653.2571827756362,0.01053122614104478,3.87,0.5,0.5481250000000001,0.1,3.2,0.015,0.1,0.63,570.7419723777608,1.45,0.07914976163816917,1.663892622678741,0.11705110998649644,1.3438323639484497,1.1592378375244874,87.74984287673296,575.8018379109819,0.24224685923428313,0.0,0.9990078114791817,41.70836190026041,573.5897026160843,1391.4306996961054,625.149627726346,0.01053122614104478,3.87,0.5,0.5481250000000001,0.1,3.2,0.015,0.1,0.78,566.1269499933492,1.45,0.07914976163816917,1.6215899764548711,0.031643786955071376,1.521288178819214,1.2334051154503998,90.73477808362357,579.2170722945325,0.23846086042276368,0.0,0.999832725969485,42.17235601846041,577.1035272777906,1414.2218999452252,656.8604173511675,0.01053122614104478,3.87,0.5,0.5481250000000001,0.1,3.2,0.015,0.1,0.62,569.5791415447328,1.45,0.07914976163816917,1.4637983326910702,0.07417978742676341,2.460669527494434,1.568652137184798,103.32074417608658,583.273461420159,0.24167252897783154,0.0,0.9994288019573495,42.31828276335134,581.5391672710688,1425.286714418817,837.9885506809865,0.01053122614104478,3.87,0.5,0.5481250000000001,0.1,3.2,0.015,0.1,0.27,573.9706544496262,1.45,0.07914976163816917
2120,1.7573488495321914,1.6124623200695685,0.03857188442369098,1.2986136948762,1.1395673279259106,90.67937116546945,618.7828809817005,0.23585694080020086,0.0,0.9997444853482628,45.12421071528063,616.5503089196549,1530.297284039218,693.647993079587,0.01053122614104478,3.87,0.5,0.5481250000000001,0.1,3.2,0.015,0.1,0.63,609.0597192719956,1.45,0.07914976163816917,1.6644995515114362,0.2479682048250742,1.1021441939253054,1.0498305548636433,86.73942001405241,615.0898424940992,0.24252645807811984,0.0,0.9977648706407295,44.45573801459115,612.7250449480593,1507.338291682418,658.4159633643512,0.01053122614104478,3.87,0.5,0.5481250000000001,0.1,3.2,0.015,0.1,0.78,605.3203698273092,1.45,0.07914976163816917,1.6229727302922579,0.14978102602179014,1.258840486249437,1.1219806086779918,89.91453705553627,616.7035451771523,0.2388792292498293,0.0,0.9986958259098792,44.794173293563865,614.4493737717625,1514.1955505567366,687.9317394743471,0.01053122614104478,3.87,0.5,0.5481250000000001,0.1,3.2,0.015,0.1,0.62,607.0058604508278,1.45,0.07914976163816917,1.4675377570973995,0.05221435143228197,2.102305784553235,1.4499330276096325,103.35846428266024,622.309229760871,0.24849333238404311,0.0,0.9996185535542331,44.65918929624944,620.4494014452351,1535.1822500966784,869.6637698053974,0.01053122614104478,3.87,0.5,0.5481250000000001,0.1,3.2,0.015,0.1,0.27,612.9187807547504,1.45,0.07914976163816917
2125,1.7553844501454328,1.612377720501631,0.04249977515336459,1.0769990278800954,1.0377856367671001,89.76033115260611,655.8814871239206,0.24199880484891317,0.0,0.999690452248434,47.370731476329055,653.515311392868,1621.8800540129282,714.4133535262334,0.01053122614104478,3.87,0.5,0.5481250000000001,0.1,3.2,0.015,0.1,0.63,646.1143138566397,1.45,0.07914976163816917,1.6639090944392474,0.06069505128946553,0.904038960166901,0.9508096340313875,85.59896083798591,655.008604374551,0.2296116397996081,0.0,0.9995212380212106,48.069610687556505,652.4921199781054,1624.0992143393255,707.2970166428479,0.01053122614104478,3.87,0.5,0.5481250000000001,0.1,3.2,0.015,0.1,0.78,645.1044745672409,1.45,0.07914976163816917,1.6230630310818028,0.10321994317192904,1.0416494191931984,1.0206122766228116,88.95413695285178,655.3438096102685,0.24479863546050948,0.0,0.9991271716029242,47.155623288172606,652.9481339585442,1619.1227911213632,711.249684165825,0.01053122614104478,3.87,0.5,0.5481250000000001,0.1,3.2,0.015,0.1,0.62,645.5648644758423,1.45,0.07914976163816917,1.4699872040342208,0.06563629679098698,1.7952594354128517,1.3398729176354196,103.22247602470156,664.5944476431722,0.23332237322435953,0.0,0.9994829636262166,48.579790518280035,662.6016102520946,1668.0409184121509,940.4931713683462,0.01053122614104478,3.87,0.5,0.5481250000000001,0.1,3.2,0.015,0.1,0.27,655.1066526578524,1.45,0.07914976163816917
2130,1.7522449523700505,1.6112874424701131,0.19884376922426453,0.8934100900399342,0.9452037293832131,88.73044376659712,696.566409972674,0.23795297913271599,0.0,0.9982526060088722,50.51400172130471,694.0568555475752,1739.498411839506,751.6861489945019,0.01053122614104478,3.87,0.5,0.5481250000000001,0.1,3.2,0.015,0.1,0.63,686.7567839829175,1.45,0.07914976163816917,1.6622371757635224,0.186820903380679,0.7418100329735917,0.8612839444536231,84.32548219088592,690.6327112031406,0.244381666279832,0.0,0.9983481994684067,49.649388927584894,687.9846917427159,1699.6318263124722,712.1309587822898,0.01053122614104478,3.87,0.5,0.5481250000000001,0.1,3.2,0.015,0.1,0.78,680.7448649515117,1.45,0.07914976163816917,1.6221276695906874,0.17084544596011877,0.8621022868329556,0.928494634789537,87.88097538763525,697.1020670281026,0.2365804429224809,0.0,0.9985091339369894,50.641012510248906,694.5566761632447,1746.2428065539284,755.7608851414426,0.01053122614104478,3.87,0.5,0.5481250000000001,0.1,3.2,0.015,0.1,0.62,687.2457329540509,1.45,0.07914976163816917,1.4714328264416294,0.14519142827223158,1.532617395419421,1.2379892549692915,102.88088752721542,701.4551742514553,0.24217097813921956,0.0,0.9987507534606607,50.61691144411433,699.3476681038425,1749.2166764791723,957.7956654383945,0.01053122614104478,3.87,0.5,0.5481250000000001,0.1,3.2,0.015,0.1,0.27,691.9860856405359,1.45,0.07914976163816917
2135,1.7486331084014195,1.6096128123980382,0.2606115689242013,0.7413789062077795,0.8610336266417122,87.58358831687988,736.2669449220903,0.23616647250426998,0.0,0.99770156101247,53.46132642966399,733.6198702682602,1844.2355306488016,782.1573645576888,0.01053122614104478,3.87,0.5,0.5481250000000001,0.1,3.2,0.015,0.1,0.63,726.4340725158631,1.45,0.07914976163816917,1.6599008811941203,0.23697215429652532,0.6089999170519841,0.7803844674594594,82.989637096207,733.8084223077034,0.2366630756894083,0.0,0.9979078201076331,53.23554981211652,731.0027622532156,1835.4234191606997,755.2194133953254,0.01053122614104478,3.87,0.5,0.5481250000000001,0.1,3.2,0.015,0.1,0.78,723.8368126981803,1.45,0.07914976163816917,1.6205009867965898,0.1730490372783487,0.7137499754177322,0.8448372478872674,86.68378986439838,735.9728322653621,0.23188357654430666,0.0,0.9984908378480447,53.735777545805924,733.2908961498651,1844.0834143363013,789.2375756382207,0.01053122614104478,3.87,0.5,0.5481250000000001,0.1,3.2,0.015,0.1,0.62,726.0920468790844,1.45,0.07914976163816917,1.4721784977045804,0.014358852386444878,1.3082052139314078,1.1437679895553152,102.40818009180616,743.5340013888617,0.2360489222477894,0.0,0.9999236982722675,54.0261340786121,741.2978056286717,1870.7896913856782,1007.7126802733559,0.01053122614104478,3.87,0.5,0.5481250000000001,0.1,3.2,0.015,0.1,0.27,733.995737059834,1.45,0.07914976163816917
2140,1.7445089485651388,1.6075916127615124,0.05945900549248211,0.6154816695316263,0.7845263982375776,86.33975780962409,776.2054422968691,0.23664376856894906,0.0,0.9995098970905398,56.273550419900474,773.4217822721918,1946.7995005577231,807.1290506288066,0.01053122614104478,3.87,0.5,0.5481250000000001,0.1,3.2,0.015,0.1,0.63,766.3184675136779,1.45,0.07914976163816917,1.6571548926880904,0.032463662532384724,0.5002635788129843,0.7072931349963637,81.55832627626197,773.8528345453697,0.24084203078608404,0.0,0.999750549266098,55.7813998991555,770.903849091137,1940.3264067320492,774.8775541362867,0.01053122614104478,3.87,0.5,0.5481250000000001,0.1,3.2,0.015,0.1,0.78,763.8172885642649,1.45,0.07914976163816917,1.6183830317137768,0.11629490613941522,0.5911921836136281,0.7688902285850875,85.38831595497332,774.0388116899727,0.23737531802364006,0.0,0.998998842489028,56.06069555547539,771.2255287274814,1930.756918984935,804.2408637146782,0.01053122614104478,3.87,0.5,0.5481250000000001,0.1,3.2,0.015,0.1,0.62,764.1521779685002,1.45,0.07914976163816917,1.4722458324350562,0.056900313700992924,1.1166374357809001,1.0567106679602039,101.77956643926329,783.6564545646867,0.23957795820579564,0.0,0.9995372207645978,56.6284745998471,781.2993739934261,1970.9771182035574,1033.0541721576983,0.01053122614104478,3.87,0.5,0.5481250000000001,0.1,3.2,0.015,0.1,0.27,774.1273235902869,1.45,0.07914976163816917
2145,1.740107295372305,1.6051399850030212,0.07297114197789989,0.5112282552147608,0.7150022763703349,85.01476162813834,817.3981927255116,0.23980094193084092,0.0,0.9993855565835089,58.97265142063843,814.4757396550666,2056.2880874664224,827.0190196690926,0.01053122614104478,3.87,0.5,0.5481250000000001,0.1,3.2,0.015,0.1,0.63,807.4981565099347,1.45,0.07914976163816917,1.6539398962553304,0.1831111635620898,0.4112266266478177,0.6412695428973824,80.06781618499781,816.6764776496999,0.24158565865247708,0.0,0.9984068727505915,58.77051359585473,813.5763645404264,2065.5398745478974,800.4965740727813,0.01053122614104478,3.87,0.5,0.5481250000000001,0.1,3.2,0.015,0.1,0.78,806.6240409890266,1.45,0.07914976163816917,1.6158723563901651,0.1172269232114751,0.48993957227725127,0.6999568360100866,84.0256658251458,815.9870671326131,0.2380178626141143,0.0,0.9989911314420266,59.00662518529669,813.0305157983182,2047.046984410064,829.0711344817224,0.01053122614104478,3.87,0.5,0.5481250000000001,0.1,3.2,0.015,0.1,0.62,806.0726731594028,1.45,0.07914976163816917,1.4718405552068483,0.22919371426083548,0.9531988320197379,0.9763190216418698,101.03130864079169,826.5559160192877,0.23711368214689815,0.0,0.9980215524593156,59.88060493959467,824.0711710771881,2091.1614964134096,1070.9603019938631,0.01053122614104478,3.87,0.5,0.5481250000000001,0.1,3.2,0.015,0.1,0.27,817.0423454419748,1.45,0.07914976163816917
2150,1.7354986522528235,1.6024146902512404,0.06077270281750702,0.42487798919904396,0.651826655790513,83.62338884694205,860.9161001270928,0.23483319347415263,0.0,0.9994913690152354,62.48184730891301,857.8485002545548,2182.4116454605473,859.6759487393995,0.01053122614104478,3.87,0.5,0.5481250000000001,0.1,3.2,0.015,0.1,0.63,850.9873912868728,1.45,0.07914976163816917,1.650573749600173,0.07619347334173272,0.3382813004691601,0.5816195495933404,78.52130421883354,860.2653908086901,0.23633788702986827,0.0,0.9993551682258269,62.29833168118436,857.0130925628235,2194.0246416580712,833.2780573306364,0.01053122614104478,3.87,0.5,0.5481250000000001,0.1,3.2,0.015,0.1,0.78,850.1597850515745,1.45,0.07914976163816917,1.6131068576055725,0.20112281443116456,0.40626631094544746,0.6373902344289937,82.5943658635407,858.888551039526,0.24837224630270593,0.0,0.998252074796752,61.23048683530307,855.7871985147252,2168.059247709532,836.919311108722,0.01053122614104478,3.87,0.5,0.5481250000000001,0.1,3.2,0.015,0.1,0.62,848.965985906584,1.45,0.07914976163816917,1.4712658874065447,0.37730907579097844,0.8137751997398901,0.9020948950858164,100.15966394914606,868.9953345683059,0.24520505893108827,0.0,0.9967362593235664,62.25238297390191,866.3850502042823,2203.4695470055776,1083.2210658260708,0.01053122614104478,3.87,0.5,0.5481250000000001,0.1,3.2,0.015,0.1,0.27,859.512873506065,1.45,0.07914976163816917
2155,1.7309788842872835,1.5995125087981044,0.28883890960965575,0.35332890759816643,0.5944147605823449,82.16030905380703,902.4556523025375,0.23881193664968092,0.0,0.9974881912337453,65.12870335556435,899.2516767261981,2287.892686038672,872.2885708359215,0.01053122614104478,3.87,0.5,0.5481250000000001,0.1,3.2,0.015,0.1,0.63,892.5751925850152,1.45,0.07914976163816917,1.647041255380814,0.3313473471946114,0.2784865801922761,0.5277182772960172,76.9189105932958,901.6883817414836,0.23823084691880436,0.0,0.9971129989943583,65.10942165049582,898.2940563344812,2300.174446836955,849.1991683854034,0.01053122614104478,3.87,0.5,0.5481250000000001,0.1,3.2,0.015,0.1,0.78,891.6302717682765,1.45,0.07914976163816917,1.610280697796276,0.1673394157359908,0.33708454726218595,0.5805898270398698,81.11910878492897,907.312837703439,0.23750870394054666,0.0,0.9985613098976612,65.58668533629077,904.0481001414103,2334.51524995105,882.4425320996137,0.01053122614104478,3.87,0.5,0.5481250000000001,0.1,3.2,0.015,0.1,0.62,897.3154425206018,1.45,0.07914976163816917,1.4707355706587635,0.23753667931158556,0.6948182029425494,0.833557558266104,99.19592779756073,916.2791909992706,0.23570420017774452,0.0,0.997969145818883,66.43246288309324,913.5288593779478,2354.9112568117425,1134.8315716833185,0.01053122614104478,3.87,0.5,0.5481250000000001,0.1,3.2,0.015,0.1,0.27,906.7409511806771,1.45,0.07914976163816917
2160,1.7263773793421804,1.5967582471110102,0.026674683748267786,0.2939989854016303,0.5422167328676147,80.65173048020664,947.0101588223063,0.23417437935604352,0.0,0.9997838858129555,68.73219274571422,943.6595708932099,2416.7658039124226,899.4652010235199,0.01053122614104478,3.87,0.5,0.5481250000000001,0.1,3.2,0.015,0.1,0.63,937.0755032632342,1.45,0.07914976163816917,1.6437010042844706,0.27186899058015507,0.2294255155222359,0.47898383638932523,75.28293927298823,945.0387957586576,0.24721344892533345,0.0,0.9976395713851539,67.4097623713906,941.4956964564818,2420.299183021755,852.8455950790137,0.01053122614104478,3.87,0.5,0.5481250000000001,0.1,3.2,0.015,0.1,0.78,934.9647160719098,1.45,0.07914976163816917,1.6074231846061113,0.5807825435998787,0.2798525025238965,0.5290108718390355,79.5698078868418,949.6284646840576,0.2464599877355931,0.0,0.9949630391465324,67.81970843453682,946.2235814265306,2444.109048838127,884.1588035377519,0.01053122614104478,3.87,0.5,0.5481250000000001,0.1,3.2,0.015,0.1,0.62,939.7100629121012,1.45,0.07914976163816917,1.470110046042368,0.009726438774439078,0.5933240038587484,0.7702752779745358,98.10878587603521,958.5923346420548,0.25022267811045057,0.0,0.9999325892628235,68.15177169688259,955.7174416219343,2459.16480136701,1123.8755752922268,0.01053122614104478,3.87,0.5,0.5481250000000001,0.1,3.2,0.015,0.1,0.27,949.0500732598043,1.45,0.07914976163816917
2165,1.7218451906188545,1.593895184463997,0.08157736600425117,0.24477882977313098,0.4947512807190407,79.08820261626136,989.449200978216,0.2384433019429633,0.0,0.9993020787120368,71.39265561819026,985.961003489662,2524.2714114843466,905.482207995287,0.01053122614104478,3.87,0.5,0.5481250000000001,0.1,3.2,0.015,0.1,0.63,979.5450239186637,1.45,0.07914976163816917,1.6405078797138604,0.5329986622242547,0.18913688655538266,0.4348987083855075,73.62802940610352,993.6654011098674,0.23491336708228205,0.0,0.9953861153620115,72.01913397041766,989.9544532230865,2584.841725000676,894.0531192455995,0.01053122614104478,3.87,0.5,0.5481250000000001,0.1,3.2,0.015,0.1,0.78,983.5815834497846,1.45,0.07914976163816917,1.6050187332904766,0.2838356317528702,0.23245561131512774,0.48213650693048304,77.99191927215224,997.5697024093789,0.237395747964067,0.0,0.9975587669937037,72.07629883134832,994.0036189102559,2601.226605150075,919.4659893250348,0.01053122614104478,3.87,0.5,0.5481250000000001,0.1,3.2,0.015,0.1,0.62,987.5665304423715,1.45,0.07914976163816917,1.4691849162958601,0.5899543054829851,0.5067485038800226,0.7118627001606578,96.95901567403646,1009.7540578908217,0.24676065975928094,0.0,0.9949730585354104,72.10630218831928,1006.7295370955729,2639.481478519144,1159.928375007034,0.01053122614104478,3.87,0.5,0.5481250000000001,0.1,3.2,0.015,0.1,0.27,1000.2610046226573,1.45,0.07914976163816917
2170,1.7174428088009575,1.5910488499378783,0.36134141608171455,0.20392074161326973,0.45157584259265876,77.49370021482046,1035.1777151855863,0.23619497722011815,0.0,0.9968677632232371,74.8999495637898,1031.5413290940864,2658.386775292218,922.7850829893368,0.01053122614104478,3.87,0.5,0.5481250000000001,0.1,3.2,0.015,0.1,0.63,1025.313628080652,1.45,0.07914976163816917,1.6377524268827421,0.07962066849685036,0.15601516326988163,0.3949875482466272,71.92607450112641,1034.972199409934,0.23451870483918502,0.0,0.9993179564605481,75.03042505937601,1031.119960323274,2681.605498037207,902.8682155217332,0.01053122614104478,3.87,0.5,0.5481250000000001,0.1,3.2,0.015,0.1,0.78,1024.8505497176877,1.45,0.07914976163816917,1.6027067471219856,0.9004051880930808,0.19318022921875544,0.4395227288989222,76.35851053789108,1040.191716732223,0.2535491273618814,0.0,0.992216835232152,73.55469233503723,1036.4839742121364,2708.2187738682946,901.3146597571704,0.01053122614104478,3.87,0.5,0.5481250000000001,0.1,3.2,0.015,0.1,0.62,1030.3075155081672,1.45,0.07914976163816917,1.4686617139426905,0.007442900107107225,0.4328507362628203,0.6579139277008964,95.71265746503137,1058.1322569055278,0.22763010832112013,0.0,0.9999470481861552,77.4558657625084,1054.9650856521275,2792.71274541161,1220.689304760665,0.01053122614104478,3.87,0.5,0.5481250000000001,0.1,3.2,0.015,0.1,0.27,1048.544076984786,1.45,0.07914976163816917
2175,1.713265948523073,1.588550064253776,0.40874058172698224,0.1699716658733942,0.4122762009544017,75.86221426301043,1079.7994482793727,0.24666831215808796,0.0,0.996451951920394,77.04562850720517,1076.0182194533038,2780.6204520822334,912.7468165425223,0.01053122614104478,3.87,0.5,0.5481250000000001,0.1,3.2,0.015,0.1,0.63,1069.9557349741665,1.45,0.07914976163816917,1.634921528004928,0.1383393045935031,0.12877161975322673,0.358847627487248,70.20521583968247,1077.2710703744615,0.24409861059298193,0.0,0.9988019663638823,77.10838305503405,1073.27524161733,2785.194348403585,892.3594211005104,0.01053122614104478,3.87,0.5,0.5481250000000001,0.1,3.2,0.015,0.1,0.78,1067.1869280786245,1.45,0.07914976163816917,1.6011472418965353,0.5560131427565235,0.1605935407984533,0.4007412392036204,74.71779536334222,1092.9787095467761,0.22827284929913388,0.0,0.9952287363302205,79.88737617725516,1089.0903869310573,2905.3439611389085,963.1061850111932,0.01053122614104478,3.87,0.5,0.5481250000000001,0.1,3.2,0.015,0.1,0.62,1082.9749770974627,1.45,0.07914976163816917,1.4678492023549534,0.5212437933968896,0.36978893078611275,0.6081027304544132,94.35105190071044,1095.3455503586736,0.2469766880484913,0.0,0.995537287893053,78.16437609221752,1092.0706199440538,2842.4699581556806,1174.793693148415,0.01053122614104478,3.87,0.5,0.5481250000000001,0.1,3.2,0.015,0.1,0.27,1085.936645532376,1.45,0.07914976163816917
2180,1.7097755545088562,1.5864127644624777,0.31415573282938974,0.14173794405261775,0.37648100091852943,74.21810335549138,1131.15919014243,0.235678438778081,0.0,0.9972843494485716,81.87760272039858,1127.2087620098832,2961.5494468997585,943.2892762297855,0.01053122614104478,3.87,0.5,0.5481250000000001,0.1,3.2,0.015,0.1,0.63,1121.2598023968446,1.45,0.07914976163816917,1.6321363992423854,0.05735231887509934,0.1063485919147293,0.32611131828676126,68.48417267178404,1126.264162664565,0.229850781844833,0.0,0.9995076302442623,82.12521625469482,1122.1008290611726,2947.1236427237573,925.5559947357085,0.01053122614104478,3.87,0.5,0.5481250000000001,0.1,3.2,0.015,0.1,0.78,1116.1405654780983,1.45,0.07914976163816917,1.5998555235370833,0.48269247513729585,0.13354008292048686,0.36543136554007905,73.00617115804577,1129.3876437406623,0.24845687374894826,0.0,0.9958172901288631,80.37956563945559,1125.3762747959518,2951.6454743214244,921.5134476648761,0.01053122614104478,3.87,0.5,0.5481250000000001,0.1,3.2,0.015,0.1,0.62,1119.4610647723093,1.45,0.07914976163816917,1.467373187724371,0.25407624859743555,0.315944417467156,0.562089332283718,92.96436868802579,1146.8672520994796,0.2596290067547868,0.0,0.9978350512709,80.45355178517173,1143.4405026129316,3019.4552663117215,1159.6509868344394,0.01053122614104478,3.87,0.5,0.5481250000000001,0.1,3.2,0.015,0.1,0.27,1137.3996011829015,1.45,0.07914976163816917
2185,1.7067546483544203,1.5844950797504065,0.21242328358844118,0.1182415365364371,0.3438626710424339,72.53016431484137,1174.6184157178739,0.23723006833608482,0.0,0.9981563514507036,84.84376079391608,1170.526123467549,3070.0491313673783,938.1348953309247,0.01053122614104478,3.87,0.5,0.5481250000000001,0.1,3.2,0.015,0.1,0.63,1164.737662334254,1.45,0.07914976163816917,1.6293458807823744,1.0181559120629902,0.0878823736761307,0.29644961405967574,66.73220746815134,1165.8440747939937,0.22816966720146922,0.0,0.9910760121016939,85.20142114001848,1161.5491546861713,3022.9759479113263,922.2055367949147,0.01053122614104478,3.87,0.5,0.5481250000000001,0.1,3.2,0.015,0.1,0.78,1155.9173150752893,1.45,0.07914976163816917,1.5987267835892416,0.48436931881581957,0.11107042130771175,0.33327229303935807,71.30541690720295,1180.8651923725288,0.25076863208684325,0.0,0.9958114125935258,83.77847428787231,1176.676901177216,3133.6061183170423,924.488844822842,0.01053122614104478,3.87,0.5,0.5481250000000001,0.1,3.2,0.015,0.1,0.62,1170.8958540941214,1.45,0.07914976163816917,1.466889900787757,0.16604390797178453,0.2699660270459368,0.5195825507519828,91.53004509509917,1205.2844894471045,0.24101442282203273,0.0,0.9985967071071183,86.66984408886108,1201.6855656526054,3259.4677838964453,1216.8096851729345,0.01053122614104478,3.87,0.5,0.5481250000000001,0.1,3.2,0.015,0.1,0.27,1195.7386437128546,1.45,0.07914976163816917
2190,1.7040571623972214,1.582674089372835,0.02345255504631745,0.09867779064063985,0.31413021287459736,70.8274135948298,1219.9608728238056,0.22983093193631804,0.0,0.9997993819253707,88.9685319463292,1215.7203741406108,3194.3872877269578,945.9488327582786,0.01053122614104478,3.87,0.5,0.5481250000000001,0.1,3.2,0.015,0.1,0.63,1210.0737372346343,1.45,0.07914976163816917,1.6275832880861463,0.7538226540772613,0.07264988145278323,0.26953641952950114,64.97801032740416,1206.0649667462726,0.241948221817929,0.0,0.9933397711510303,86.56112136911418,1201.6314822699933,3103.763412947882,889.3446790596203,0.01053122614104478,3.87,0.5,0.5481250000000001,0.1,3.2,0.015,0.1,0.78,1196.1495640673456,1.45,0.07914976163816917,1.597753283318962,0.22860497078705455,0.09240046843821138,0.3039744535947246,69.58415423998153,1232.6819602859402,0.23022825786270082,0.0,0.9980268369380717,89.84591994381536,1228.31520832863,3318.4828350417247,962.9093572381786,0.01053122614104478,3.87,0.5,0.5481250000000001,0.1,3.2,0.015,0.1,0.62,1222.6379690792774,1.45,0.07914976163816917,1.4663186575044573,0.5586239814015164,0.23070486996933615,0.48031746789944685,89.99659615807965,1249.3574991997134,0.23730564266275575,0.0,0.9952365364177459,90.27821957767638,1245.629880385602,3365.6344270152813,1214.3219907116081,0.01053122614104478,3.87,0.5,0.5481250000000001,0.1,3.2,0.015,0.1,0.27,1239.920771310127,1.45,0.07914976163816917
2195,1.7012942366989483,1.580759399515007,1.1879050834757598,0.08238394049164781,0.2870260275508962,69.10144400909074,1260.7490621233703,0.23761870337325494,0.0,0.9895281940762762,91.02406651767367,1256.3773833246523,3276.8156232313877,917.7606535805872,0.01053122614104478,3.87,0.5,0.5481250000000001,0.1,3.2,0.015,0.1,0.63,1251.0760627647924,1.45,0.07914976163816917,1.6263873057633396,1.047455253341296,0.06007290621347367,0.24509774828315675,63.24065886864729,1257.018169392535,0.24464820453948627,0.0,0.9907393212477285,89.89819487270671,1252.404169788995,3279.7725579835214,881.9511283093932,0.01053122614104478,3.87,0.5,0.5481250000000001,0.1,3.2,0.015,0.1,0.78,1247.100403198332,1.45,0.07914976163816917,1.59665902588406,0.3602363360951291,0.07688646551742152,0.27728408810716404,67.81851665234736,1269.8128024105201,0.26008475577201545,0.0,0.9968494940846013,88.96270042897285,1265.3206745618888,3366.959977353352,892.395522920224,0.01053122614104478,3.87,0.5,0.5481250000000001,0.1,3.2,0.015,0.1,0.62,1259.8698890937235,1.45,0.07914976163816917,1.46610886900601,0.3568308219923139,0.1971616666987077,0.4440289029992391,88.40990477274848,1292.1103174792584,0.25308816647562893,0.0,0.9969331633431622,91.43186496589543,1288.2562431857236,3458.574450241501,1161.1028138980246,0.01053122614104478,3.87,0.5,0.5481250000000001,0.1,3.2,0.015,0.1,0.27,1282.708440026688,1.45,0.07914976163816917
2200,1.6991679462453275,1.5800115753319615,0.7639753120368206,0.06879130431678691,0.2622809644575582,67.3809786410189,1308.4855563579201,0.24322827881825032,0.0,0.9932362311290448,93.77171764159934,1303.9526419747422,3421.322216639337,895.9783546776836,0.01053122614104478,3.87,0.5,0.5481250000000001,0.1,3.2,0.015,0.1,0.63,1298.7523024831423,1.45,0.07914976163816917,1.6259637605249908,0.8328303637310591,0.049677705811478075,0.22288496093608037,61.50167374568531,1308.6295835365347,0.2404396377305041,0.0,0.992627186992118,94.10887789097718,1303.8286410483577,3462.1772703783968,881.3379645418779,0.01053122614104478,3.87,0.5,0.5481250000000001,0.1,3.2,0.015,0.1,0.78,1298.636653855251,1.45,0.07914976163816917,1.595628257450415,0.4126588052217925,0.0639911255068967,0.2529646724483415,66.08787304309014,1329.766958745256,0.22153851074086375,0.0,0.9964063226020602,98.01781432630409,1325.0688072039632,3626.520959074667,958.7057956195296,0.01053122614104478,3.87,0.5,0.5481250000000001,0.1,3.2,0.015,0.1,0.62,1319.7365230972384,1.45,0.07914976163816917,1.4659762643105763,0.0950170527384184,0.16849988987422593,0.41048738089523035,86.80712958391287,1347.176988519535,0.23957296485771273,0.0,0.9991853464099736,97.05139697646634,1343.1593895944548,3665.4452631689473,1181.1164018853412,0.01053122614104478,3.87,0.5,0.5481250000000001,0.1,3.2,0.015,0.1,0.27,1337.7149995955767,1.45,0.07914976163816917
2205,1.6973822866139758,1.579756231086259,0.31695939043044946,0.05744439846482976,0.2396756109094744,65.65805517697788,1359.9424611325287,0.2528945553868731,0.0,0.9971871401879273,96.21247056507167,1355.232810044702,3599.722991424434,866.0628623137034,0.01053122614104478,3.87,0.5,0.5481250000000001,0.1,3.2,0.015,0.1,0.63,1350.1199965019896,1.45,0.07914976163816917,1.6259429178722362,0.05390323650234912,0.04108150510096857,0.20268572988981876,59.75478553214515,1355.9284724323734,0.24278083361955846,0.0,0.9995221103460563,97.20455428602703,1350.954133012544,3605.599689368293,860.3725674934959,0.01053122614104478,3.87,0.5,0.5481250000000001,0.1,3.2,0.015,0.1,0.78,1345.8229174086432,1.45,0.07914976163816917,1.5947222219955104,0.9083838963452068,0.05326872540615769,0.23080018502193123,64.29826103164068,1359.2961999183262,0.23139520900736124,0.0,0.9919304619925046,98.93305989304638,1354.4991720584248,3603.286680610439,905.0982282063704,0.01053122614104478,3.87,0.5,0.5481250000000001,0.1,3.2,0.015,0.1,0.62,1349.4638611984099,1.45,0.07914976163816917,1.4656313764157194,0.3457873722543842,0.14401458112800478,0.3794925310569429,85.13693467816432,1390.982832063831,0.2453524144992006,0.0,0.9969995830857282,99.45043417338331,1386.836545413355,3766.810516387364,1138.183017989414,0.01053122614104478,3.87,0.5,0.5481250000000001,0.1,3.2,0.015,0.1,0.27,1381.6097866993448,1.45,0.07914976163816917
2210,1.696008984171371,1.5794335432684818,0.18707317607628124,0.04797236078957611,0.21902593633991413,63.937780059744654,1417.1860454115622,0.23561105782177375,0.0,0.9983404481682088,102.58454407456942,1412.280157431008,3832.790410377701,879.7939315018615,0.01053122614104478,3.87,0.5,0.5481250000000001,0.1,3.2,0.015,0.1,0.63,1407.278538342384,1.45,0.07914976163816917,1.6254476382261818,0.9302603689652811,0.03397636707608902,0.1843267942435093,58.0131149593988,1404.674295545773,0.23515562810458898,0.0,0.9916667408780402,101.72520960058296,1399.5242668522296,3762.7706095389667,851.2538301351357,0.01053122614104478,3.87,0.5,0.5481250000000001,0.1,3.2,0.015,0.1,0.78,1394.6590387360507,1.45,0.07914976163816917,1.5944473913229658,1.044045360640165,0.044345539473830624,0.2105838062953337,62.53097793692716,1400.4729842300144,0.24243197074488715,0.0,0.9906191746613344,100.47113693994977,1395.5323446869006,3689.002113083092,857.5292484960173,0.01053122614104478,3.87,0.5,0.5481250000000001,0.1,3.2,0.015,0.1,0.62,1390.6960020853016,1.45,0.07914976163816917,1.4653947326329773,1.53125871799972,0.123093093998151,0.3508462540745604,83.44560897005302,1440.2314476914512,0.23518177393631037,0.0,0.9866205027465509,104.37393224387446,1435.9397454028374,3919.170427133624,1128.2503724184203,0.01053122614104478,3.87,0.5,0.5481250000000001,0.1,3.2,0.015,0.1,0.27,1431.0221120051378,1.45,0.07914976163816917
2215,1.694804639252668,1.5789324142485837,0.5602844622732057,0.04006636413669747,0.20016584158316691,62.19018487745523,1458.74244514944,0.22548500878991673,0.0,0.9949654423161711,107.00031868751903,1453.69590483659,3921.0763347675725,861.1779742741982,0.01053122614104478,3.87,0.5,0.5481250000000001,0.1,3.2,0.015,0.1,0.63,1448.9231143327347,1.45,0.07914976163816917,1.6254964616746257,0.1980854051039876,0.028099786576850538,0.16762990955330895,56.27111582852642,1447.0457494128566,0.23271443160261882,0.0,0.9982066321179212,105.1265186072669,1441.7400533873215,3861.6880284552562,822.6255949758673,0.01053122614104478,3.87,0.5,0.5481250000000001,0.1,3.2,0.015,0.1,0.78,1436.96222126918,1.45,0.07914976163816917,1.5948220499666548,1.2878891920826976,0.03691419381226046,0.19213066858849073,60.781590922092654,1451.3688180666238,0.23837435792219508,0.0,0.9883666769485171,104.68676467075342,1446.2462198108701,3864.0647202173122,837.7576889998744,0.01053122614104478,3.87,0.5,0.5481250000000001,0.1,3.2,0.015,0.1,0.62,1441.5852121786045,1.45,0.07914976163816917,1.4665147691820948,1.127780205633976,0.10518757419836079,0.32432633904504393,81.70948883324111,1481.4903922024266,0.25869428613647527,0.0,0.9900202223118353,104.06394760520232,1477.0689926046007,3996.9825397354025,1034.7147230014527,0.01053122614104478,3.87,0.5,0.5481250000000001,0.1,3.2,0.015,0.1,0.27,1472.2889300060817,1.45,0.07914976163816917
2220,1.6945668135290037,1.5786904956926548,1.3360067409368142,0.0334649906061736,0.18293438880148696,60.43763281309628,1493.6095488124724,0.24865530993494284,0.0,0.9877855108489746,106.29297188330682,1488.4439685252714,3948.9085707730555,781.2219848082743,0.01053122614104478,3.87,0.5,0.5481250000000001,0.1,3.2,0.015,0.1,0.63,1483.9612604771005,1.45,0.07914976163816917,1.6252277773276986,0.1915909124460934,0.02324095306932967,0.1524498378789878,54.539470114498,1488.4090453975307,0.21951669514327457,0.0,0.9982432825676031,109.99791227221533,1482.9534918938532,3952.297396708014,803.6701113369662,0.01053122614104478,3.87,0.5,0.5481250000000001,0.1,3.2,0.015,0.1,0.78,1478.3527045512556,1.45,0.07914976163816917,1.5959661415247675,3.5182184897503106,0.030720790701524642,0.17527347403849974,59.02892926668583,1497.8713130481592,0.23119787698797026,0.0,0.9679241292046293,109.0828773926152,1492.5769965974016,3999.876323357152,812.927532388209,0.01053122614104478,3.87,0.5,0.5481250000000001,0.1,3.2,0.015,0.1,0.62,1488.3300369106648,1.45,0.07914976163816917,1.468266071356607,5.04152999430231,0.08985541282517856,0.2997589245129802,79.98341892155932,1542.831532960097,0.22893484554200214,0.0,0.9553749324504097,112.76096902308795,1538.2160614033335,4264.54188856115,1059.6363436543895,0.01053122614104478,3.87,0.5,0.5481250000000001,0.1,3.2,0.015,0.1,0.27,1533.9985796429303,1.45,0.07914976163816917
2225,1.694473717742363,1.579468589952592,0.3037965112741349,0.027946725848487546,0.16717274254042597,58.72378123983677,1550.0628625679267,0.23412277568669296,0.0,0.9972136880978676,112.44175064322545,1544.6967553651036,4176.765257732692,769.6402329091867,0.01053122614104478,3.87,0.5,0.5481250000000001,0.1,3.2,0.015,0.1,0.63,1540.2236496782602,1.45,0.07914976163816917,1.6247127853675563,1.5670092872466277,0.01922438399470871,0.13865202484893147,52.811994019612456,1520.0854898917712,0.2448537305535356,0.0,0.9853404513364846,108.71060132280805,1514.5173613120255,3956.4075895781825,718.0172233638217,0.01053122614104478,3.87,0.5,0.5481250000000001,0.1,3.2,0.015,0.1,0.78,1510.2754411641338,1.45,0.07914976163816917,1.600017717865006,4.338028533462668,0.02554471859433463,0.1598271522437118,57.273444179163754,1538.454150050959,0.23895648436305922,0.0,0.9599000860089311,110.91780916727036,1532.9887470958413,4082.380694135031,756.5341033474276,0.01053122614104478,3.87,0.5,0.5481250000000001,0.1,3.2,0.015,0.1,0.62,1528.998771455169,1.45,0.07914976163816917,1.4746511718366262,1.196280202378104,0.07666067278628044,0.27687663820965547,78.17862449663949,1576.749424268641,0.24960882026835454,0.0,0.9892110724645361,112.12224191402201,1571.9913706969417,4274.097979237498,955.6810676451375,0.01053122614104478,3.87,0.5,0.5481250000000001,0.1,3.2,0.015,0.1,0.27,1567.542758022128,1.45,0.07914976163816917
2230,1.6949596391845474,1.5799738977293398,0.4808382228736482,0.023335941918596163,0.15276106152614993,56.99598567014089,1591.7137970652052,0.24376114859600048,0.0,0.995527850569413,114.0190828952704,1586.1999736797663,4269.3452972433915,707.615260946609,0.01053122614104478,3.87,0.5,0.5481250000000001,0.1,3.2,0.015,0.1,0.63,1581.918827902045,1.45,0.07914976163816917,1.6254347838681669,0.88288046051423,0.01589952735555621,0.12609332795812875,51.13529608018783,1576.3457009997635,0.25153015951515834,0.0,0.9917078485363302,111.73868681773318,1570.5663561250767,4185.201997232146,672.9081864443782,0.01053122614104478,3.87,0.5,0.5481250000000001,0.1,3.2,0.015,0.1,0.78,1566.3719406859227,1.45,0.07914976163816917,1.6071608646854585,0.8947038358400216,0.021208772767885027,0.14563232047826824,55.52800030221406,1586.7573571160679,0.2434605651778671,0.0,0.9916519294379342,113.69880279951762,1581.0699114124375,4237.425831191614,706.7894054142299,0.01053122614104478,3.87,0.5,0.5481250000000001,0.1,3.2,0.015,0.1,0.62,1576.848458710257,1.45,0.07914976163816917,1.4805576313246496,1.127754672881208,0.06532650428869917,0.25559050117071874,76.36986288605678,1631.3225659419593,0.2415131289908753,0.0,0.9897647010065707,117.25865226961764,1626.3603172723099,4480.174608510481,917.2700691767222,0.01053122614104478,3.87,0.5,0.5481250000000001,0.1,3.2,0.015,0.1,0.27,1622.0433892212736,1.45,0.07914976163816917
2235,1.69660867516605,1.5804492911960848,0.5634918835175343,0.019483932356589052,0.13958485718941382,55.2916564906835,1642.5460173193053,0.24728196003640437,0.0,0.9947131010344076,117.12132358633133,1636.8526825195556,4449.057456944457,655.9939992806111,0.01053122614104478,3.87,0.5,0.5481250000000001,0.1,3.2,0.015,0.1,0.63,1632.724137478833,1.45,0.07914976163816917,1.6264262354694328,0.6161442264217353,0.013146929916528197,0.11466006243033447,49.47823358248516,1635.092545949615,0.2488835325195228,0.0,0.9941926854008506,116.31826903755335,1629.0905026117068,4441.268847849602,635.8346437930759,0.01053122614104478,3.87,0.5,0.5481250000000001,0.1,3.2,0.015,0.1,0.78,1624.9867095594168,1.45,0.07914976163816917,1.6131501831546358,4.351036920496646,0.017586517425851395,0.13261416751558408,53.779351292626,1637.962059333823,0.25468619220424893,0.0,0.9590583992267567,115.65714898187684,1632.0472399522932,4421.659663847576,646.1499734798582,0.01053122614104478,3.87,0.5,0.5481250000000001,0.1,3.2,0.015,0.1,0.62,1628.330214612027,1.45,0.07914976163816917,1.4859702562037236,5.875283044518434,0.05560785353164932,0.23581317505951468,74.51221694338984,1677.0088876275931,0.2353752706477567,0.0,0.9460028230765813,121.55962756880935,1671.8703014644846,4604.222176028325,860.5061705217803,0.01053122614104478,3.87,0.5,0.5481250000000001,0.1,3.2,0.015,0.1,0.27,1668.2079526108464,1.45,0.07914976163816917
2240,1.6988246712013748,1.5809878051370718,2.259871776570566,0.01626593499465308,0.12753797471597658,53.60324681025223,1694.9091259116822,0.24733209890032162,0.0,0.9786131285264619,120.86832339501753,1689.0302877586466,4645.840062323701,604.874520979686,0.01053122614104478,3.87,0.5,0.5481250000000001,0.1,3.2,0.015,0.1,0.63,1685.21743646886,1.45,0.07914976163816917,1.627353425318399,2.480073017401806,0.01086872850541555,0.10425319422164268,47.83365481378829,1687.7803606936172,0.22920635396557607,0.0,0.9764300135393844,123.234609021777,1681.577846886698,4644.687004828829,608.7863814843951,0.01053122614104478,3.87,0.5,0.5481250000000001,0.1,3.2,0.015,0.1,0.78,1677.8047008953613,1.45,0.07914976163816917,1.6217240567049804,2.1198281130174386,0.01455641125137686,0.12064995338323534,52.0413537340196,1697.1488234686744,0.24421096821131805,0.0,0.9799649736408693,121.50672203129564,1690.9549562419572,4684.511924958679,611.9047401674432,0.01053122614104478,3.87,0.5,0.5481250000000001,0.1,3.2,0.015,0.1,0.62,1687.1222810129473,1.45,0.07914976163816917,1.4959419833555256,0.11325936955649984,0.04724041031354165,0.21734859169900697,72.62194662604581,1717.5849758232418,0.20995458701919528,0.0,0.9989427679471179,128.59774198010714,1712.25118745503,4682.0216444355565,822.6618173170929,0.01053122614104478,3.87,0.5,0.5481250000000001,0.1,3.2,0.015,0.1,0.27,1708.1583502020278,1.45,0.07914976163816917
2245,1.702358727318542,1.5833398707718074,2.2028946327132997,0.01357275221918223,0.11650215542719469,51.92947997827868,1745.3416762523718,0.21477478952269607,0.0,0.9789342907190062,129.8557794999533,1739.2698854331825,4827.363926727835,582.7738157741667,0.01053122614104478,3.87,0.5,0.5481250000000001,0.1,3.2,0.015,0.1,0.63,1735.5874389681599,1.45,0.07914976163816917,1.630145786598467,0.2514023401393432,0.00897996656608075,0.09476268551534803,46.19254381470459,1720.8687925792342,0.24367768556085723,0.0,0.9975620842808798,123.28213409291178,1714.5229587383037,4665.458720274024,529.8057446016622,0.01053122614104478,3.87,0.5,0.5481250000000001,0.1,3.2,0.015,0.1,0.78,1710.6953667188616,1.45,0.07914976163816917,1.6299900257499471,0.3658381158881756,0.012027205135079645,0.10966861508690462,50.286724293876034,1743.1829258636858,0.23666702182710656,0.0,0.9964975953948076,126.03920879257181,1736.7560353265394,4826.2262752541465,560.9203717654549,0.01053122614104478,3.87,0.5,0.5481250000000001,0.1,3.2,0.015,0.1,0.62,1732.8903852012784,1.45,0.07914976163816917,1.5033803153021001,0.13810245059697598,0.04007192309227719,0.20017972697622802,70.66189840456543,1735.940981023792,0.23660756628106192,0.0,0.9986725972420052,125.59316208943525,1730.496446943444,4557.865365723035,692.2280254648065,0.01053122614104478,3.87,0.5,0.5481250000000001,0.1,3.2,0.015,0.1,0.27,1726.6232837537125,1.45,0.07914976163816917
2250,1.7079789393398679,1.5870410736825937,2.3639962190587096,0.011316714725623945,0.10638004853178036,50.23750847364151,1764.2146672718638,0.254226028637116,0.0,0.9767338066346557,124.67322087768297,1758.0484928168974,4714.312259606628,470.10902904585697,0.01053122614104478,3.87,0.5,0.5481250000000001,0.1,3.2,0.015,0.1,0.63,1754.5818386685808,1.45,0.07914976163816917,1.632098488297808,1.6083040206713008,0.007416343188869578,0.0861181931351882,44.58809781753369,1769.901647704572,0.2322435692024541,0.0,0.9842222149896409,128.73026751322217,1763.3593559973506,4839.198158043279,481.80766489969295,0.01053122614104478,3.87,0.5,0.5481250000000001,0.1,3.2,0.015,0.1,0.78,1759.8063522666794,1.45,0.07914976163816917,1.6361701717862738,1.562683233007489,0.009924352916648959,0.09962104655467618,48.529648392083054,1781.8294218990795,0.24542334318917933,0.0,0.9847723959470858,127.37028721227449,1775.210136393087,4900.428386366892,486.03133028789784,0.01053122614104478,3.87,0.5,0.5481250000000001,0.1,3.2,0.015,0.1,0.62,1771.6275866892474,1.45,0.07914976163816917,1.5087945086807693,0.3043276032850662,0.03395403900850775,0.18426621776252897,68.73016322328169,1786.601725874699,0.21013016680784136,0.0,0.9970426625360446,133.74996844252925,1780.9578690927178,4734.034585071702,646.8825644143969,0.01053122614104478,3.87,0.5,0.5481250000000001,0.1,3.2,0.015,0.1,0.27,1777.2389913711945,1.45,0.07914976163816917
2255,1.7149604860057526,1.5919410269283552,7.296710580997755,0.009425981902437847,0.09708749611787218,48.60490789675823,1826.8054173025819,0.22966534091735405,0.0,0.9278645338039676,133.387077777972,1820.3809919476444,5014.05610999273,433.74599076455127,0.01053122614104478,3.87,0.5,0.5481250000000001,0.1,3.2,0.015,0.1,0.63,1817.4665189723228,1.45,0.07914976163816917,1.6347737183857085,3.8451343325420155,0.006121486261227502,0.07823992753848576,42.998120301195925,1806.7284226693694,0.23985807084306895,0.0,0.9615646194383349,130.1285778731741,1800.0280922980905,4901.016662120801,409.68995179151256,0.01053122614104478,3.87,0.5,0.5481250000000001,0.1,3.2,0.015,0.1,0.78,1796.8428421861968,1.45,0.07914976163816917,1.641890358109357,11.444248121648542,0.00817914947301917,0.09043865032727529,46.797620398208714,1829.9042438178071,0.2270772849889666,0.0,0.8870533104256705,134.05747383042495,1823.0587510615146,5067.64778392305,435.97950268389235,0.01053122614104478,3.87,0.5,0.5481250000000001,0.1,3.2,0.015,0.1,0.62,1820.4848104898156,1.45,0.07914976163816917,1.5127540491146274,1.5914465665564732,0.028747122244898796,0.16954976332893773,66.75348299167544,1809.6021792147228,0.2461438836049336,0.0,0.9841175644093126,129.31167932155367,1803.8556210797765,4662.657710710134,516.0081077936519,0.01053122614104478,3.87,0.5,0.5481250000000001,0.1,3.2,0.015,0.1,0.27,1800.4513385531202,1.45,0.07914976163816917
2260,1.7216195135663979,1.6028038116063077,1.6630090317318567,0.007833220581098312,0.0885054833391599,46.95746878032495,1860.69489582957,0.2292979769132304,0.0,0.9832149174888536,135.8907751976058,1854.0616827978317,5047.795330817884,364.68373696375494,0.01053122614104478,3.87,0.5,0.5481250000000001,0.1,3.2,0.015,0.1,0.63,1850.7881833643837,1.45,0.07914976163816917,1.6402891908895452,9.170122463471747,0.005046749292148937,0.07104047643526144,41.441845053171505,1852.3767679279497,0.22191032823779658,0.0,0.9070274918724696,136.6057252849516,1845.4607164457857,5048.937617490503,358.8656134118195,0.01053122614104478,3.87,0.5,0.5481250000000001,0.1,3.2,0.015,0.1,0.78,1842.8606286926922,1.45,0.07914976163816917,1.6571997363445543,22.370256740790325,0.006718705426201445,0.0819677096557019,45.0690616338132,1859.1467178318405,0.2504740411393682,0.0,0.7740217425201397,132.12838935774786,1852.0615291338484,5059.349080577125,347.52079926147627,0.01053122614104478,3.87,0.5,0.5481250000000001,0.1,3.2,0.015,0.1,0.62,1850.3875735459758,1.45,0.07914976163816917,1.5169011032782638,9.24780936851671,0.024318221430333582,0.15594300699400915,64.83555235274243,1874.130570711725,0.24503395045926407,0.0,0.9073281634841524,134.175290404824,1868.1464213441536,4969.103175163058,443.1353331648703,0.01053122614104478,3.87,0.5,0.5481250000000001,0.1,3.2,0.015,0.1,0.27,1865.5133564690059,1.45,0.07914976163816917
2265,1.73447024061526,1.6124932538180226,21.349814047199853,0.006496284969411741,0.08059953454835667,45.31283768905876,1896.3663263180208,0.23592242860135904,0.0,0.7801681519125997,137.41744987541242,1889.5239635860935,5102.582595596483,293.13335035156865,0.01053122614104478,3.87,0.5,0.5481250000000001,0.1,3.2,0.015,0.1,0.63,1887.8868984895144,1.45,0.07914976163816917,1.6533721473966938,12.051387529080285,0.004149035331759313,0.06441300592084888,39.891862040203954,1879.3723176172225,0.26090542516681553,0.0,0.874788937836915,131.66546122806756,1872.2430961527477,5026.096208800504,270.6271411953153,0.01053122614104478,3.87,0.5,0.5481250000000001,0.1,3.2,0.015,0.1,0.78,1870.00767826559,1.45,0.07914976163816917,1.6904606340587058,13.0039645250245,0.005479366512999351,0.07402274321449692,43.361530478245925,1914.7309681176582,0.24250030203978085,0.0,0.8673868673569787,137.4631645195277,1907.13809870138,5304.865304690639,292.53793870592955,0.01053122614104478,3.87,0.5,0.5481250000000001,0.1,3.2,0.015,0.1,0.62,1904.9141722244917,1.45,0.07914976163816917,1.5291564382506473,6.407758384452791,0.02052036511275717,0.14324931103763525,62.9131282420568,1931.782397777056,0.23798626743571227,0.0,0.9352312018567126,139.57660999876498,1925.5140932740017,5219.7762707526435,371.2732547996509,0.01053122614104478,3.87,0.5,0.5481250000000001,0.1,3.2,0.015,0.1,0.27,1922.7436575737859,1.45,0.07914976163816917
2270,1.7526522040693828,1.6409278136788894,7.35799480632401,0.005355013124055847,0.07317795517815352,43.68382784860856,1940.4910241117502,0.22971796440381573,0.0,0.9230353911418258,141.67155280708104,1933.2403458091683,5239.9983069554355,235.26368407550132,0.01053122614104478,3.87,0.5,0.5481250000000001,0.1,3.2,0.015,0.1,0.63,1930.7242950607988,1.45,0.07914976163816917,1.6750681573662876,10.433715414870557,0.0033950530477168633,0.05826708374131027,38.37953416220903,1949.0047233072148,0.25415617195629564,0.0,0.891340033225871,137.77366609633705,1941.4160491888879,5407.335292150077,222.56078287360396,0.01053122614104478,3.87,0.5,0.5481250000000001,0.1,3.2,0.015,0.1,0.78,1939.1244913853054,1.45,0.07914976163816917,1.7281639414418122,23.55967984274616,0.004431764812496399,0.06657150150399492,41.599877151223346,1958.3594951828047,0.24189552745219503,0.0,0.7558139975414894,140.73666594779024,1950.24333999746,5442.181224388267,231.8161326846458,0.01053122614104478,3.87,0.5,0.5481250000000001,0.1,3.2,0.015,0.1,0.62,1948.792396189009,1.45,0.07914976163816917,1.5446919177626373,8.346088692336297,0.017260581434810608,0.1313795320238682,60.95766935918552,1978.1388218010595,0.22463496814214576,0.0,0.9143614006843833,145.4402578938032,1971.5890139336173,5370.158621625102,299.308953627925,0.01053122614104478,3.87,0.5,0.5481250000000001,0.1,3.2,0.015,0.1,0.27,1969.0910669786517,1.45,0.07914976163816917
2275,1.785824446683278,1.6697814489360394,0.8112215539013551,0.004386899083271991,0.066233670314063,42.01214870700056,1977.0521291952866,0.22682931090871195,0.0,0.9913443359979998,144.83071761823365,1969.4027633912065,5311.776874705909,177.0793691936336,0.01053122614104478,3.87,0.5,0.5481250000000001,0.1,3.2,0.015,0.1,0.63,1966.4657441331133,1.45,0.07914976163816917,1.701643885800484,2.3552778015584614,0.0027620349384609682,0.0525550657735386,36.844537924588046,2003.7971429619301,0.21608032404451818,0.0,0.9752045860164062,148.81837132506908,1995.745599267266,5657.17970504764,183.84698928890845,0.01053122614104478,3.87,0.5,0.5481250000000001,0.1,3.2,0.015,0.1,0.78,1992.9025669160728,1.45,0.07914976163816917,1.7787889110683033,21.81741696842588,0.003544172896405404,0.05953295638892297,39.79264587260517,2000.4748422360892,0.23008033810372444,0.0,0.7699326096803025,145.96438984244563,1991.6912944818655,5570.574414043865,179.60366921528117,0.01053122614104478,3.87,0.5,0.5481250000000001,0.1,3.2,0.015,0.1,0.62,1990.2268912309548,1.45,0.07914976163816917,1.5646337254848037,39.70258616936118,0.014458946001449636,0.12024535750476871,58.961838720137244,2009.2665850772482,0.2180173858548633,0.0,0.5831630930620163,149.1108159788855,2002.440825579714,5382.658509982073,222.63779560569807,0.01053122614104478,3.87,0.5,0.5481250000000001,0.1,3.2,0.015,0.1,0.27,2001.7651944699123,1.45,0.07914976163816917
2280,1.8260602926842566,1.6923142656066708,60.22170433386703,0.0035762399310591956,0.059801671641010135,40.31020585036004,2011.2391309953318,0.2274196123693635,0.0,0.34365561142789924,147.41230329128987,2003.2460578577488,5366.8114750816,121.51600017177448,0.01053122614104478,3.87,0.5,0.5481250000000001,0.1,3.2,0.015,0.1,0.63,2003.1017079565247,1.45,0.07914976163816917,1.723930591592601,6.515502654886475,0.00223605258231453,0.04728691766561371,35.26625360563378,2015.0419416051072,0.2577307938532322,0.0,0.9291229317209183,141.71980241786798,2006.731737533492,5493.643206275467,118.88277891358348,0.01053122614104478,3.87,0.5,0.5481250000000001,0.1,3.2,0.015,0.1,0.78,2004.3891483101463,1.45,0.07914976163816917,1.837159351889697,9.250345730004597,0.0027969801445012453,0.05288648357095833,37.911862643472524,2029.3694860756393,0.2029074353887222,0.0,0.9000831059310777,153.1982229957103,2019.8646894744056,5578.928865936474,133.6470356793128,0.01053122614104478,3.87,0.5,0.5481250000000001,0.1,3.2,0.015,0.1,0.62,2017.7061520416923,1.45,0.07914976163816917,1.6185094326662042,34.48550844454273,0.01197588353714681,0.10943438005100047,56.930943489907094,2035.967448812413,0.24945237263080658,0.0,0.6287143201110656,144.97220823409538,2028.5664668508196,5360.504097527226,145.9572571596018,0.01053122614104478,3.87,0.5,0.5481250000000001,0.1,3.2,0.015,0.1,0.27,2027.7735139973195,1.45,0.07914976163816917
2285,1.9041422076189296,1.765512270959978,64.09327769195738,0.0028685362760568025,0.05355871802103559,38.605429229399235,2047.571389202071,0.21515769027857048,0.0,0.28716301336407063,152.40453410187888,2038.7147576211112,5446.771577720348,80.00079534060738,0.01053122614104478,3.87,0.5,0.5481250000000001,0.1,3.2,0.015,0.1,0.63,2038.6313441320478,1.45,0.07914976163816917,1.7467283916360972,5.446835035626333,0.001801102998706868,0.04243940384485706,33.72262196754543,2077.649839199515,0.18146005656681896,0.0,0.9402981019256317,161.12169877258592,2068.85331383284,5826.905408797491,91.22213637144273,0.01053122614104478,3.87,0.5,0.5481250000000001,0.1,3.2,0.015,0.1,0.78,2066.509336807579,1.45,0.07914976163816917,1.8897029570051105,42.55586236927668,0.0021806397621605264,0.046697320717151714,35.946936216276534,2030.7557252133308,0.21102980085924372,0.0,0.5227801706337494,151.8247097476018,2020.692601368634,5341.339609440964,82.94045761008083,0.01053122614104478,3.87,0.5,0.5481250000000001,0.1,3.2,0.015,0.1,0.62,2020.2498207395251,1.45,0.07914976163816917,1.6920409432345584,37.34060480637489,0.00976343164236962,0.0988100786477251,54.800994161066384,2100.6705449441974,0.19236733450040577,0.0,0.5952003172103583,160.90999368624477,2092.3247496680024,5694.488635671549,106.74033215904483,0.01053122614104478,3.87,0.5,0.5481250000000001,0.1,3.2,0.015,0.1,0.27,2091.66610344378,1.45,0.07914976163816917
2290,1.9850967996745443,1.8771899874053322,26.06540537352694,0.0022429517467508504,0.04735981151515333,36.774040576521784,2070.1928212988596,0.19119582797515672,0.0,0.702174373293174,158.6313804484317,2060.0696799165135,5409.400205592834,48.55704730232636,0.01053122614104478,3.87,0.5,0.5481250000000001,0.1,3.2,0.015,0.1,0.63,2059.1018319443847,1.45,0.07914976163816917,1.7687164835817037,23.08842395767134,0.001443644043867593,0.03799531607800615,32.13316187756585,2049.67456986015,0.2147912823366059,0.0,0.7335487620841629,152.5520134509158,2040.7766312457322,5315.6738806056455,46.752202541684156,0.01053122614104478,3.87,0.5,0.5481250000000001,0.1,3.2,0.015,0.1,0.78,2039.6936111975979,1.45,0.07914976163816917,1.9663119297700145,41.444090799943424,0.0016696791138995136,0.04086170718288106,33.959916885506665,2050.4441234644605,0.2181981399742932,0.0,0.5218952126775496,151.84034994864257,2039.4429043942957,5285.6722127617195,46.62392907103998,0.01053122614104478,3.87,0.5,0.5481250000000001,0.1,3.2,0.015,0.1,0.62,2039.0252359825226,1.45,0.07914976163816917,1.7818976911310551,52.052487692798245,0.007802548841070567,0.08833203745567385,52.419428878410606,2093.1303680260694,0.13986171499523997,0.0,0.41176123866843195,170.71391569601008,2083.9078427371705,5374.379759399343,64.75006856871839,0.01053122614104478,3.87,0.5,0.5481250000000001,0.1,3.2,0.015,0.1,0.27,2083.6882823506157,1.45,0.07914976163816917
2295,2.0725369395688182,1.9850760072231624,38.09457134286017,0.0017097079397244096,0.0413486147255795,34.74146555951041,2067.5863133397347,0.12425160000027857,0.0,0.5473972364823776,171.48511684038453,2056.2803915967484,5162.655125619356,25.46767705402555,0.01053122614104478,3.87,0.5,0.5481250000000001,0.1,3.2,0.015,0.1,0.63,2055.828476734039,1.45,0.07914976163816917,1.8066700290830122,78.26350906553864,0.0011472522313762344,0.03387111204811903,30.59150386024982,2077.0379708408686,0.11938593699331203,0.0,0.07438013596425416,173.427640294926,2067.630125654597,5329.394301373401,25.101051800072465,0.01053122614104478,3.87,0.5,0.5481250000000001,0.1,3.2,0.015,0.1,0.78,2067.6284279206184,1.45,0.07914976163816917,2.058996367470438,37.9066496986361,0.001250178357317207,0.03535786132272719,31.908131530005292,2082.0618822228134,0.13127189783656082,0.0,0.5527611446602243,171.22889965804958,2069.813102062702,5345.6941541738215,26.01503817015162,0.01053122614104478,3.87,0.5,0.5481250000000001,0.1,3.2,0.015,0.1,0.62,2069.345426853846,1.45,0.07914976163816917,1.895037820698739,29.371213088360474,0.0060756152452460166,0.07794623304076995,49.78218230360685,2029.989150507744,0.15124209179182851,0.0,0.6445766870778705,163.23651342799974,2019.8729477203005,4630.658587552933,28.000497990940715,0.01053122614104478,3.87,0.5,0.5481250000000001,0.1,3.2,0.015,0.1,0.27,2019.1718020209714,1.45,0.07914976163816917
2300,2.166365978907113,2.0983843235595785,57.52403728508762,0.001267846311159609,0.035606829557819505,32.5211697673653,1987.1958699175036,0.026375827128024477,0.0,0.26166421058597367,183.15232353168824,1975.053630610409,4325.696112928674,8.66269740940741,0.01053122614104478,3.87,0.5,0.5481250000000001,0.1,3.2,0.015,0.1,0.63,1975.0019951987033,1.45,0.07914976163816917,1.9044736332085557,29.7083210868856,0.000891362023508558,0.029855686619278378,28.978120868073095,1986.1787027049165,0.053672908242170594,0.0,0.6184908138037742,178.0720006131994,1976.1820110782992,4381.182827124539,8.068538422644764,0.01053122614104478,3.87,0.5,0.5481250000000001,0.1,3.2,0.015,0.1,0.78,1975.6081929197064,1.45,0.07914976163816917,2.159859151982907,43.23060703362229,0.0009130501419057699,0.030216719575522587,29.71724896925253,2005.3417103601855,0.005014374387023605,0.0,0.45014500470586016,188.79318441736802,1992.3601381045796,4514.813448410662,9.487667896398225,0.01053122614104478,3.87,0.5,0.5481250000000001,0.1,3.2,0.015,0.1,0.62,1992.1221265384804,1.45,0.07914976163816917,2.005985728962609,46.53206201985054,0.004607985787250344,0.0678821463070397,46.93521607282923,2005.181197390249,0.04749556501579397,0.0,0.40810604381890336,180.88514219206536,1993.9843090437707,4261.276424487769,9.718792318830753,0.01053122614104478,3.87,0.5,0.5481250000000001,0.1,3.2,0.015,0.1,0.27,1993.8034496985024,1.45,0.07914976163816917
2305,2.2774336085741695,2.2289988041175395,17.45093091402642,0.0009099916434005067,0.03016606774839085,30.107863521553384,1773.868288978922,0.0014440725676568766,0.0,0.7395115926442593,167.56683675304913,1761.638214921459,2814.7418537375747,-0.0,0.01053122614104478,3.87,0.5,0.5481250000000001,0.1,3.2,0.015,0.1,0.63,1760.844345955481,1.45,0.07914976163816917,2.004623317934613,20.705937468234666,0.0006762658727590725,0.026005112435040008,27.217889806325555,1820.2963753560252,0.0007412746494547446,0.0,0.6988076225425894,172.31082266712164,1810.1456820586045,3117.2278338940687,-0.0,0.01053122614104478,3.87,0.5,0.5481250000000001,0.1,3.2,0.015,0.1,0.78,1809.4504577143323,1.45,0.07914976163816917,2.2698047842529703,33.530646857080214,0.0006485741474022481,0.02546711894585346,27.36820434157767,1749.548135031392,0.0028584311127913997,0.0,0.4925336582401639,165.0450099507922,1737.0400462347786,2715.8984239877,-0.0,0.01053122614104478,3.87,0.5,0.5481250000000001,0.1,3.2,0.015,0.1,0.62,1736.7891304701352,1.45,0.07914976163816917,2.1273625031759362,31.719626695319338,0.00339270071809909,0.05824689449317526,43.77105031198983,1829.8079410792122,0.003239591995015117,0.0,0.5409988604530028,172.6895682844467,1818.3164455046367,2989.7252227651306,-0.0,0.01053122614104478,3.87,0.5,0.5481250000000001,0.1,3.2,0.015,0.1,0.27,1817.9751451168534,1.45,0.07914976163816917
