time,TATM,TATM_1,E,NC,nonUV,ES,YGROSS,S,invNCfrac,MIU,CPC,YNET,K,scc,gama3,ratioKNC,g4,theta1,share1,climsen,prtp,share2,theta2,YGreen,elasmu,damageNC,TATM_2,E_1,NC_1,nonUV_1,ES_1,YGROSS_1,S_1,invNCfrac_1,MIU_1,CPC_1,YNET_1,K_1,scc_1,gama3_1,ratioKNC_1,g4_1,theta1_1,share1_1,climsen_1,prtp_1,share2_1,theta2_1,YGreen_1,elasmu_1,damageNC_1,TATM_3,E_2,NC_2,nonUV_2,ES_2,YGROSS_2,S_2,invNCfrac_2,MIU_2,CPC_2,YNET_2,K_2,scc_2,gama3_2,ratioKNC_2,g4_2,theta1_2,share1_2,climsen_2,prtp_2,share2_2,theta2_2,YGreen_2,elasmu_2,damageNC_2
2010,0.83,0.83,1.5511907033104226,34.883720930232556,5.906244232186183,42.94752999324122,62.643043114968066,0.30262709148717665,0.0,0.9996255241099146,5.9991430298809325,62.583158249582446,135.0,521.1192744032626,0.01053122614104478,3.87,0.5,0.5481250000000001,0.1,3.2,0.001,0.1,0.5750000000000001,58.82382228728563,1.45,0.07877835461372695,0.83,14.294799652011815,34.883720930232556,5.906244232186183,42.94752999324122,62.643043114968066,0.2549953151677461,0.0,0.5835939892667533,6.727714485464039,62.583158249582446,135.0,104.4517928393783,0.01053122614104478,3.87,0.5,0.5481250000000001,0.1,3.2,0.015,0.1,0.5750000000000001,61.75009713121662,1.45,0.07877835461372695,0.83,22.21957505695373,34.883720930232556,5.906244232186183,42.94752999324122,62.643043114968066,0.21405442278793468,0.0,0.32487948474319056,7.174607039926747,62.583158249582446,135.0,35.280592039695506,0.01053122614104478,3.87,0.5,0.5481250000000001,0.1,3.2,0.03,0.1,0.5750000000000001,62.42157772939747,1.45,0.07877835461372695
2015,0.9126234645909805,0.9052318906004609,1.280647413315753,32.76837453177026,5.724366736309813,48.66688477785871,75.5408349943636,0.29080182923562337,0.0,0.9986091044952784,6.976683942778053,75.45493571553492,168.72456124479908,615.6200655315888,0.01053122614104478,3.87,0.5,0.5481250000000001,0.1,3.2,0.001,0.1,0.5750000000000001,71.26243754673217,1.45,0.07877835461372695,0.9173729176071354,13.778242671283573,32.71480334691018,5.719685598606813,48.63468177039622,74.17886864365677,0.2511512063177141,0.0,0.6363675618454485,7.538753831480801,74.09224028599122,158.4460773980676,119.37321596521323,0.01053122614104478,3.87,0.5,0.5481250000000001,0.1,3.2,0.015,0.1,0.5750000000000001,72.92638045000906,1.45,0.07877835461372695,0.9247946359218532,23.235970993957018,32.68179164848091,5.716799073649598,48.594633501931966,72.51808952002511,0.21762070503377728,0.0,0.34765022540842966,7.800267435518416,72.43202483094841,146.52422395189188,38.8107277833007,0.01053122614104478,3.87,0.5,0.5481250000000001,0.1,3.2,0.03,0.1,0.5750000000000001,72.22231005151389,1.45,0.07877835461372695
2020,0.9866366000394461,0.9668982491142746,0.9914741352422163,30.520557701677454,5.524541401933508,53.70791261505149,89.35425514983045,0.2921937296801032,0.0,0.9998469239522075,7.865685272087945,89.23833342555518,203.24640214133683,696.8903402736921,0.01053122614104478,3.87,0.5,0.5481250000000001,0.1,3.2,0.001,0.1,0.5750000000000001,84.62185330509459,1.45,0.07877835461372695,1.0004817269569335,13.240888283741603,30.32365370340497,5.506691720389382,53.629752581193756,86.97145840550984,0.25531220256264353,0.0,0.6815942641510055,8.343210001997328,86.85065390317007,185.13856635480664,133.77367080764526,0.01053122614104478,3.87,0.5,0.5481250000000001,0.1,3.2,0.015,0.1,0.5750000000000001,85.31380476566918,1.45,0.07877835461372695,1.0223376322253095,24.285278373213327,30.195575346551436,5.4950500768010695,53.54946367063908,84.13486804196646,0.21777831036736806,0.0,0.37424402994216927,8.601585599244208,84.01284193425565,165.10643916424522,43.215557147205026,0.01053122614104478,3.87,0.5,0.5481250000000001,0.1,3.2,0.03,0.1,0.5750000000000001,83.73538756124606,1.45,0.07877835461372695
2025,1.0520086861681528,1.017406965736654,0.8598381152342831,28.21941120781112,5.3121945754848925,58.701037269890435,104.78362060318935,0.2983451145113092,0.0,0.9983798773022005,8.792038606470244,104.6331086956272,243.6448426487288,779.1969635450833,0.01053122614104478,3.87,0.5,0.5481250000000001,0.1,3.2,0.001,0.1,0.5750000000000001,99.63034893950858,1.45,0.07877835461372695,1.0794128665807252,12.058011283002163,27.774326268216807,5.270135317827884,58.52322758698561,101.48812792360226,0.2512786317602416,0.0,0.7363532383105513,9.346736624904102,101.32403930138302,218.23074906546154,152.0857190315886,0.01053122614104478,3.87,0.5,0.5481250000000001,0.1,3.2,0.015,0.1,0.5750000000000001,99.25797155427786,1.45,0.07877835461372695,1.1223501294970963,25.56195411230103,27.469634035333627,5.241148160025017,58.36204629896383,97.29696721922869,0.2168356445902282,0.0,0.39547198907879727,9.53257728242378,97.12689081269183,188.67245736731962,48.228858114481945,0.01053122614104478,3.87,0.5,0.5481250000000001,0.1,3.2,0.03,0.1,0.5750000000000001,96.77942562773033,1.45,0.07877835461372695
2030,1.1084637384199325,1.0589225906172703,0.7104847785117493,25.92896297651944,5.092048995887553,63.612374905530004,122.12953126612963,0.27710265246513544,0.0,0.9983700137371426,10.205606555506769,121.93949470491386,292.4909824514448,914.6838004571285,0.01053122614104478,3.87,0.5,0.5481250000000001,0.1,3.2,0.001,0.1,0.5750000000000001,116.52773797800037,1.45,0.07877835461372695,1.1536884003692212,11.327816310715193,25.13846409495632,5.01382729010048,63.22515596922965,117.16468797300354,0.2484541004343329,0.0,0.7722864878201688,10.418009954712154,116.94828568992429,253.57011143294403,171.57377550592625,0.01053122614104478,3.87,0.5,0.5481250000000001,0.1,3.2,0.015,0.1,0.5750000000000001,114.41853537943967,1.45,0.07877835461372695,1.2247777789749736,26.7645099968274,24.566513737857026,4.956461816442958,62.91827659811691,111.88747143966617,0.21635901992338763,0.0,0.41744174841285675,10.559539557434107,111.65456360275903,216.33534504613334,53.60106898316388,0.01053122614104478,3.87,0.5,0.5481250000000001,0.1,3.2,0.03,0.1,0.5750000000000001,111.22309299023503,1.45,0.07877835461372695
2035,1.1554022336026053,1.0932223328740671,0.6038209632806717,23.69779703668053,4.868038315038259,68.37500374609411,139.4975628973145,0.2846939836752475,0.0,0.9981356760630385,11.203429409871791,139.26621175065063,334.1637266250847,996.9139235179406,0.01053122614104478,3.87,0.5,0.5481250000000001,0.1,3.2,0.001,0.1,0.5750000000000001,133.53140455478697,1.45,0.07877835461372695,1.2234100251377964,7.863280486121125,22.487017775592427,4.742047846193923,67.66843302135518,134.0950397045705,0.25115164199606044,0.0,0.8562548661442839,11.438623439255096,133.81652711646154,291.869386503602,189.63891468036945,0.01053122614104478,3.87,0.5,0.5481250000000001,0.1,3.2,0.015,0.1,0.5750000000000001,130.22794704234448,1.45,0.07877835461372695,1.3294699144842834,27.733783345764156,21.563949913283828,4.643700024041586,67.1041008020241,127.8980746666235,0.2149259983827757,0.0,0.4423345382196114,11.698949193482512,127.58437859483699,248.06445485736657,59.4139323446341,0.01053122614104478,3.87,0.5,0.5481250000000001,0.1,3.2,0.03,0.1,0.5750000000000001,127.04587603667173,1.45,0.07877835461372695
2040,1.1937473878552687,1.121817862685048,0.4467996360894469,21.560296032758618,4.643306583972096,73.00635503029332,159.1612539535853,0.29130956643889494,0.0,0.9992540014782814,12.349676249380659,158.88330176375334,387.3982764771132,1091.5103853049109,0.01053122614104478,3.87,0.5,0.5481250000000001,0.1,3.2,0.001,0.1,0.5750000000000001,152.78824805698548,1.45,0.07877835461372695,1.2861755283323488,5.126644875349243,19.89440136574148,4.460314043398904,71.79844622024149,152.63649139112243,0.24617539129596405,0.0,0.9148976565319752,12.700434029117975,152.28610526248502,335.8807677038161,212.56404188195748,0.01053122614104478,3.87,0.5,0.5481250000000001,0.1,3.2,0.015,0.1,0.5750000000000001,147.71996663278537,1.45,0.07877835461372695,1.4360744319623078,28.40555512105329,18.550186918780145,4.306992792979824,70.80473287695119,145.18897121478994,0.2125762401767101,0.0,0.46956189221764805,12.94163024813221,144.77346686572096,283.0068886867066,65.57948563443868,0.01053122614104478,3.87,0.5,0.5481250000000001,0.1,3.2,0.03,0.1,0.5750000000000001,144.10246880190638,1.45,0.07877835461372695
2045,1.225161107496229,1.145900295784492,0.5012629020076076,19.53911397188124,4.420306999732173,77.48066327540893,180.97413947979769,0.2745961210757791,0.0,0.9971546576003832,14.07081157545464,180.64437928634703,451.2981997691645,1247.993095279302,0.01053122614104478,3.87,0.5,0.5481250000000001,0.1,3.2,0.001,0.1,0.5750000000000001,174.24509752003914,1.45,0.07877835461372695,1.340816212570926,3.7709369512779074,17.426361701552683,4.174489394111894,75.56129855759436,172.06157829248912,0.24592982381029535,0.0,0.9421450209174771,13.971834877739532,171.632328144636,380.15933746168986,235.14618689040722,0.01053122614104478,3.87,0.5,0.5481250000000001,0.1,3.2,0.015,0.1,0.5750000000000001,166.44201843327056,1.45,0.07877835461372695,1.5440478422737522,28.733733619212263,15.617077998198138,3.9518448853919024,73.91296990664434,163.61221620927563,0.21325670530935084,0.0,0.49867278804041915,14.209183122759226,163.0709320982197,320.276542791068,71.54580171388056,0.01053122614104478,3.87,0.5,0.5481250000000001,0.1,3.2,0.03,0.1,0.5750000000000001,162.23978239524976,1.45,0.07877835461372695
2050,1.2511016290454093,1.1666629072345633,0.31461916787709826,17.646916267988324,4.200823284546534,81.74480184606423,202.58202062935135,0.2814978109291392,0.0,0.9991580136544841,15.312798902796276,202.19939000636754,505.722213459062,1341.2781824314338,0.01053122614104478,3.87,0.5,0.5481250000000001,0.1,3.2,0.001,0.1,0.5750000000000001,195.50681311231602,1.45,0.07877835461372695,1.3877459381862154,0.9320171574782108,15.130801120862623,3.889833045371308,78.94472765046396,192.94620955272234,0.24182845730749317,0.0,0.9894209264628706,15.391422835412243,192.43057237004942,429.14556851737404,260.4285835319936,0.01053122614104478,3.87,0.5,0.5481250000000001,0.1,3.2,0.015,0.1,0.5750000000000001,186.22873910744482,1.45,0.07877835461372695,1.6526827008433214,29.323332466147548,12.851742212241428,3.58493266495222,76.34236805019727,183.4779037982989,0.21179558243908095,0.0,0.5200375405650999,15.621326547994808,182.78247803145638,362.11370307128266,78.10418257537201,0.01053122614104478,3.87,0.5,0.5481250000000001,0.1,3.2,0.03,0.1,0.5750000000000001,181.80861541238116,1.45,0.07877835461372695
2055,1.2728226869060884,1.184823859450484,0.2645459892591759,15.889681890327159,3.9861863842935343,85.82588744134902,226.67151849481,0.2694505555239964,0.0,0.9991881476941632,17.14771603090205,226.22995558930265,573.797609389688,1496.8049100065693,0.01053122614104478,3.87,0.5,0.5481250000000001,0.1,3.2,0.001,0.1,0.5750000000000001,219.2706187905998,1.45,0.07877835461372695,1.4259297295199678,0.36361162146167425,13.041791640503348,3.611342083007832,81.9313133566483,214.7251360916083,0.24342568876819107,0.0,0.9976763396525942,16.809709963707753,214.11928320676773,478.58321017718924,284.8212860069904,0.01053122614104478,3.87,0.5,0.5481250000000001,0.1,3.2,0.015,0.1,0.5750000000000001,207.55461917254334,1.45,0.07877835461372695,1.7616459018211192,28.97500502758983,10.32699403359673,3.213564070249219,78.0150427357043,204.44156077829078,0.2106541519939936,0.0,0.552668847617286,17.099359305259338,203.56113151411662,406.3558284951024,84.72978261670916,0.01053122614104478,3.87,0.5,0.5481250000000001,0.1,3.2,0.03,0.1,0.5750000000000001,202.3654109982924,1.45,0.07877835461372695
2060,1.2913553997653278,1.2011067161509739,0.1944913773247871,14.268108866414115,3.777315034043906,89.67743663988705,250.78398528920104,0.29577129596530305,0.0,0.9996122004062236,18.04168997661932,250.2819305901303,634.2347005846048,1534.729006274758,0.01053122614104478,3.87,0.5,0.5481250000000001,0.1,3.2,0.001,0.1,0.5750000000000001,243.1166610867344,1.45,0.07877835461372695,1.45674192680099,0.17887380643234488,11.173806961571692,3.342724481851846,84.54283463104304,238.26338611149637,0.2420776865683118,0.0,0.999810395692296,18.42960348103889,237.56175216121522,535.2192304230083,312.86057393394924,0.01053122614104478,3.87,0.5,0.5481250000000001,0.1,3.2,0.015,0.1,0.5750000000000001,230.75043473981862,1.45,0.07877835461372695,1.8699534586373567,28.718625625161042,8.09664191437208,2.845459877484144,78.8811852376685,226.4899039448389,0.20991491512765986,0.0,0.579612663630542,18.648323058484994,225.39090193040946,453.0946234018794,91.45473041651744,0.01053122614104478,3.87,0.5,0.5481250000000001,0.1,3.2,0.03,0.1,0.5750000000000001,223.98407955619876,1.45,0.07877835461372695
2065,1.30755256343068,1.2160707353307065,0.17415170497369659,12.779322415503582,3.574817815708037,93.35698397828618,280.2258223187561,0.2777502690284457,0.0,0.9994772338362394,20.437640913939884,279.6507613749067,734.0438979501073,1737.1110271133311,0.01053122614104478,3.87,0.5,0.5481250000000001,0.1,3.2,0.001,0.1,0.5750000000000001,272.2098499796273,1.45,0.07877835461372695,1.4816951071283908,0.24728179400331804,9.526230156432899,3.0864591616337482,86.78754309557986,263.06359047480896,0.24054250412797026,0.0,0.9984709799461704,20.15524591762194,262.2621588372712,595.3392604547197,342.2882613980081,0.01053122614104478,3.87,0.5,0.5481250000000001,0.1,3.2,0.015,0.1,0.5750000000000001,255.29663411380096,1.45,0.07877835461372695,1.9769501292799394,28.626502681211665,6.1906045962492335,2.488092561833107,78.92010265823276,249.63662630082902,0.21020468593871142,0.0,0.6008408031122284,20.253623883088082,248.2827225905566,502.6358394225082,98.19968592923857,0.01053122614104478,3.87,0.5,0.5481250000000001,0.1,3.2,0.03,0.1,0.5750000000000001,246.68835477681478,1.45,0.07877835461372695
2070,1.3221354717854692,1.2302128799001626,0.17857888437819994,11.418009835762712,3.3790545772098315,96.76670885026319,308.0248961455355,0.2660360369846424,0.0,0.9991338027920517,22.604840241305578,307.37800023608264,811.4773766207305,1902.3601917738324,0.01053122614104478,3.87,0.5,0.5481250000000001,0.1,3.2,0.001,0.1,0.5750000000000001,299.77931583392535,1.45,0.07877835461372695,1.5022800776678582,0.29321645736768154,8.088220776470935,2.8439797426266833,88.68268143515684,289.067075397622,0.24112635336601865,0.0,0.9976229503577593,21.912653959851863,288.16178379837277,658.590338231787,371.3232068485586,0.01053122614104478,3.87,0.5,0.5481250000000001,0.1,3.2,0.015,0.1,0.5750000000000001,281.0609230199036,1.45,0.07877835461372695,2.082288963286681,27.59677081706625,4.614422861076172,2.1481207743225643,78.14116691660467,274.00402887195975,0.2099378771938916,0.0,0.6321401168144356,21.954340581584752,272.35538448243886,556.0766775235858,105.26538524177285,0.01053122614104478,3.87,0.5,0.5481250000000001,0.1,3.2,0.03,0.1,0.5750000000000001,270.4793505206238,1.45,0.07877835461372695
2075,1.3356555781889599,1.2439505903345862,0.2900763199312091,10.177362339054364,3.1901978526502655,99.91858069234641,335.494985638333,0.27264050490689296,0.0,0.997646710418575,24.195751379088126,334.77457463000735,877.9297818929001,1990.8359811332152,0.01053122614104478,3.87,0.5,0.5481250000000001,0.1,3.2,0.001,0.1,0.5750000000000001,327.10833417967547,1.45,0.07877835461372695,1.519689560935205,0.21053717827575053,6.843201697160082,2.6159513942655894,90.24930636603995,316.60909230707733,0.23790631533798248,0.0,0.9984718448824546,23.8968586288867,315.5944307906038,727.7469860298712,404.3777282006904,0.01053122614104478,3.87,0.5,0.5481250000000001,0.1,3.2,0.015,0.1,0.5750000000000001,308.3429763829841,1.45,0.07877835461372695,2.1850390485026163,27.285191031149996,3.353214911058369,1.8311785579397681,76.57726331597661,299.389796496279,0.2097372401963643,0.0,0.650827866116167,23.734961200509897,297.4062451544985,612.2770206763137,112.57327945239076,0.01053122614104478,3.87,0.5,0.5481250000000001,0.1,3.2,0.03,0.1,0.5750000000000001,295.3375160738853,1.45,0.07877835461372695
2080,1.3485932277705746,1.2577223162294768,0.2248890295982332,9.049627164413014,3.008259823288709,102.84202922996535,366.02869363527935,0.2610129407179209,0.0,0.9982705621952022,26.62532417535069,365.22521800054,964.3236638599356,2161.413646823947,0.01053122614104478,3.87,0.5,0.5481250000000001,0.1,3.2,0.001,0.1,0.5750000000000001,357.4299900061775,1.45,0.07877835461372695,1.534761370227779,0.10352196764676044,5.7721171332887655,2.402523076536158,91.49529873589043,344.8775391825492,0.2416125236420855,0.0,0.9995818640030043,25.71499074236687,343.7502517224596,796.5110246388901,432.27656705656045,0.01053122614104478,3.87,0.5,0.5481250000000001,0.1,3.2,0.015,0.1,0.5750000000000001,336.3784288669069,1.45,0.07877835461372695,2.2850628549027667,25.202804247160778,2.3759050390325838,1.5413971062100071,74.29155765362206,325.7575589836737,0.20769784076611297,0.0,0.6892348098265721,25.63182095142104,323.3971957065852,671.2598356780869,120.42925806250001,0.01053122614104478,3.87,0.5,0.5481250000000001,0.1,3.2,0.03,0.1,0.5750000000000001,320.9382937017582,1.45,0.07877835461372695
2085,1.361370892295063,1.2716783933799836,0.11721524771463838,8.0270053703828,2.833197022867065,105.48822798829706,395.7749407357825,0.2892518082570607,0.0,0.9993278466092927,27.51693120378626,394.8867813221749,1035.8927442341007,2151.6962832075033,0.01053122614104478,3.87,0.5,0.5481250000000001,0.1,3.2,0.001,0.1,0.5750000000000001,387.01980464764006,1.45,0.07877835461372695,1.5481450881491,0.19642256483714773,4.8553646833582444,2.2034892065445306,92.45042038033111,375.33174791608184,0.24245479156820984,0.0,0.99840071895279,27.784463581799912,374.0834257976839,876.698000425484,464.52363098049506,0.01053122614104478,3.87,0.5,0.5481250000000001,0.1,3.2,0.015,0.1,0.5750000000000001,366.6421709354867,1.45,0.07877835461372695,2.38101060808582,23.597331555471566,1.642393694073237,1.2815590872344658,71.36368956940231,352.5955302923105,0.20862322681133283,0.0,0.7182393426770314,27.473642509383176,349.8216513149507,729.6631734746325,127.74628134376603,0.01053122614104478,3.87,0.5,0.5481250000000001,0.1,3.2,0.03,0.1,0.5750000000000001,347.04188853165,1.45,0.07877835461372695
2090,1.3741792369531396,1.2858818703878545,0.19692978610963857,7.101914317497596,2.6649417099624517,107.93130720763716,433.32342524137204,0.28432410441924727,0.0,0.9984332863365725,30.178874014821524,432.3291597649286,1171.4151981709156,2320.603798141131,0.01053122614104478,3.87,0.5,0.5481250000000001,0.1,3.2,0.001,0.1,0.5750000000000001,424.3318781628691,1.45,0.07877835461372695,1.5605598625523118,0.1514344654663647,4.073796152081666,2.018364722264454,93.12089784496482,407.16722432221525,0.23845178523168611,0.0,0.9988265327210278,30.140760524289824,405.79121390204295,962.1521579426411,501.77705478204064,0.01053122614104478,3.87,0.5,0.5481250000000001,0.1,3.2,0.015,0.1,0.5750000000000001,398.2683728455268,1.45,0.07877835461372695,2.4722491575245433,21.332088036582146,1.1086059599218892,1.052903585292542,67.90413133120636,380.61582562828374,0.20864622122285115,0.0,0.7527702783932262,29.427807982839642,377.3876335839691,792.8638004258944,135.6602628758392,0.01053122614104478,3.87,0.5,0.5481250000000001,0.1,3.2,0.03,0.1,0.5750000000000001,374.2021261910112,1.45,0.07877835461372695
2095,1.387281454622909,1.3005722688635772,0.13806733798446455,6.266841078197507,2.5033659497160032,110.08239861324358,470.28521979453745,0.27557144292616753,0.0,0.9989822903420166,33.00474918910595,469.1813487158185,1294.9478665439185,2490.5207672755473,0.01053122614104478,3.87,0.5,0.5481250000000001,0.1,3.2,0.001,0.1,0.5750000000000001,461.08814972586174,1.45,0.07877835461372695,1.5724352907770849,0.07768935051752147,3.4096517783306823,1.8465242425515789,93.50984682075647,439.15331752668925,0.23567699806379,0.0,0.999546564806576,32.48031225017991,437.64653776478355,1042.9802502752234,536.9089276916583,0.01053122614104478,3.87,0.5,0.5481250000000001,0.1,3.2,0.015,0.1,0.5750000000000001,430.0771329270195,1.45,0.07877835461372695,2.557876782392779,20.159869137634637,0.731547507623121,0.8553055054324864,64.02553886331921,409.45070921580583,0.2102280805141403,0.0,0.7724796079288849,31.394402259186336,405.7332268818851,858.5574435300414,143.56224372096094,0.01053122614104478,3.87,0.5,0.5481250000000001,0.1,3.2,0.03,0.1,0.5750000000000001,402.3033196587507,1.45,0.07877835461372695
2100,1.4007750586448757,1.3157786928964184,0.05891167519877791,5.51470733360964,2.3483414005654373,111.93370937200221,506.06291130591836,0.27461996573861785,0.0,0.9997014467431667,35.426218413260976,504.8471221814372,1399.967399396081,2602.0879471191397,0.01053122614104478,3.87,0.5,0.5481250000000001,0.1,3.2,0.001,0.1,0.5750000000000001,496.72071256786256,1.45,0.07877835461372695,1.5840764642303444,0.1437967669593643,2.846884285058193,1.6872712541432668,93.63398534172117,471.70456290659286,0.23682397607449476,0.0,0.9988075578373754,34.70478126649747,470.06204389161246,1122.6658461056245,567.5786465118579,0.01053122614104478,3.87,0.5,0.5481250000000001,0.1,3.2,0.015,0.1,0.5750000000000001,462.50631311162596,1.45,0.07877835461372695,2.6380410519369564,15.696822670163712,0.4725029281441256,0.6873884841515209,59.85096778933102,439.4813359705732,0.20841184022861353,0.0,0.8272057019749595,33.5512532590036,435.23717760173867,929.846858211683,152.68255846331914,0.01053122614104478,3.87,0.5,0.5481250000000001,0.1,3.2,0.03,0.1,0.5750000000000001,431.08462069966555,1.45,0.07877835461372695
2105,1.4112978276961743,1.327954341966128,0.11497386090980427,4.842038330848867,2.2004632082470423,113.50135451168829,542.9944550707336,0.2664485960516625,0.0,0.9991331389409223,38.31751676490263,541.6656853376202,1508.7138750046333,2744.2092733097134,0.01053122614104478,3.87,0.5,0.5481250000000001,0.1,3.2,0.001,0.1,0.5750000000000001,533.5568615857683,1.45,0.07877835461372695,1.5923226727329327,0.08146630604727825,2.3729140478876953,1.54042657984329,93.5130912442222,505.935140022634,0.24319653355605034,0.0,0.999405626389029,36.793454076829356,504.15503736544696,1210.5858756201628,593.364740573531,0.01053122614104478,3.87,0.5,0.5481250000000001,0.1,3.2,0.015,0.1,0.5750000000000001,496.5938690705033,1.45,0.07877835461372695,2.707023307978447,13.50584963046394,0.2995670915963512,0.5473272253381437,55.49002199294111,469.5046788363905,0.208215612893354,0.0,0.8543069189178587,35.673611621249066,464.73035403883557,998.2809667767726,161.53383279354514,0.01053122614104478,3.87,0.5,0.5481250000000001,0.1,3.2,0.03,0.1,0.5750000000000001,460.20788128991495,1.45,0.07877835461372695
2110,1.419349342812845,1.3376938096680013,0.0735974432080871,4.243798777228425,2.0600482463351253,114.78846027217595,579.0242401110964,0.29098638694225576,0.0,0.9994879530950672,39.38591592322991,577.5864409501505,1601.707839467782,2694.2690130611168,0.01053122614104478,3.87,0.5,0.5481250000000001,0.1,3.2,0.001,0.1,0.5750000000000001,569.5224553445394,1.45,0.07877835461372695,1.5977982684244953,0.1297823584709932,1.9755878932207809,1.4055560797139262,93.18523498084566,543.2399129013525,0.23893520955546826,0.0,0.9989051317067715,39.62277573896495,541.315387670532,1318.6883914106174,633.7123134535005,0.01053122614104478,3.87,0.5,0.5481250000000001,0.1,3.2,0.015,0.1,0.5750000000000001,533.762111319651,1.45,0.07877835461372695,2.765267849192664,10.714561191788667,0.1869495992197969,0.43237668672096197,51.07568878790659,500.13645873539815,0.20847354082907785,0.0,0.8864511737135883,37.818641620517376,494.8294357432598,1068.587258377674,170.52346722773038,0.01053122614104478,3.87,0.5,0.5481250000000001,0.1,3.2,0.03,0.1,0.5750000000000001,489.8520897788382,1.45,0.07877835461372695
2115,1.425369879008149,1.3453855066480205,0.14961691754852385,3.714180033799533,1.9272208056679787,115.88124794332776,624.0104391756482,0.28966761125291474,0.0,0.9987945734219985,42.429346244161145,622.443062459995,1774.4088699432791,2818.759270203953,0.01053122614104478,3.87,0.5,0.5481250000000001,0.1,3.2,0.001,0.1,0.5750000000000001,614.3603288395983,1.45,0.07877835461372695,1.6011331689696462,0.16585240110013896,1.6436408904007183,1.2820455882692776,92.65348789976565,579.9096487152519,0.23088844472043396,0.0,0.9985473896492195,42.64861959828712,577.8466294220166,1416.3451178487055,676.1426918306413,0.01053122614104478,3.87,0.5,0.5481250000000001,0.1,3.2,0.015,0.1,0.5750000000000001,570.3403320735507,1.45,0.07877835461372695,2.812781991621095,6.67797865543569,0.11516822942064579,0.3393644492586779,46.71620841174792,531.4543787407098,0.20809257852831178,0.0,0.930350388403169,40.034993108783425,525.61957595909,1141.5960883930215,179.96506198958204,0.01053122614104478,3.87,0.5,0.5481250000000001,0.1,3.2,0.03,0.1,0.5750000000000001,519.976583962406,1.45,0.07877835461372695
2120,1.4297972424148142,1.3514824019905771,0.14868275013906768,3.2469758207841997,1.8019366861197426,116.72679097858429,668.5809901233098,0.27948976170162176,0.0,0.9988065660482124,46.02334699744338,666.8864070659306,1937.5721381304152,2973.565224567135,0.01053122614104478,3.87,0.5,0.5481250000000001,0.1,3.2,0.001,0.1,0.5750000000000001,658.8142355696713,1.45,0.07877835461372695,1.602830165032629,0.19737582871551634,1.3669819547857363,1.1691800352322719,91.93813036151374,614.9027000662973,0.2370192540676974,0.0,0.9982422611328972,44.77731378997585,612.7105541422994,1494.762589807472,696.6083455765329,0.01053122614104478,3.87,0.5,0.5481250000000001,0.1,3.2,0.015,0.1,0.5750000000000001,605.2982107047994,1.45,0.07877835461372695,2.8487337860124313,2.5932448172306657,0.07025414246102314,0.26505498007210343,42.49756994876444,563.1310885014503,0.20628644351742262,0.0,0.9733596050587932,42.36118627090943,556.7894529120247,1215.1174148905966,190.005027683265,0.01053122614104478,3.87,0.5,0.5481250000000001,0.1,3.2,0.03,0.1,0.5750000000000001,550.4644130881394,1.45,0.07877835461372695
2125,1.4329251571415038,1.3562741624965793,0.187999442714124,2.8360067464836227,1.6840447578623385,117.32673749577765,710.1806242215838,0.29114528142815865,0.0,0.9984691511341126,48.02006357740487,708.3678160844055,2064.776140369647,2968.383435787365,0.01053122614104478,3.87,0.5,0.5481250000000001,0.1,3.2,0.001,0.1,0.5750000000000001,700.3814869208578,1.45,0.07877835461372695,1.6032944026181808,0.28660745539397137,1.1367796140579953,1.066198674759069,91.09036467938967,653.6584578628516,0.2431947554528333,0.0,0.9974200793634177,47.141053264599236,651.3267964601629,1599.9790136042316,720.1237687901488,0.01053122614104478,3.87,0.5,0.5481250000000001,0.1,3.2,0.015,0.1,0.5750000000000001,643.9976914008568,1.45,0.07877835461372695,2.87246603154423,0.8073906762323828,0.042578138682915496,0.2063447083957219,38.487456041483625,594.6234724546233,0.20788562572495192,0.0,0.9918418768887404,44.53311594087338,587.8151534276903,1285.2814126130368,198.80487121296358,0.01053122614104478,3.87,0.5,0.5481250000000001,0.1,3.2,0.03,0.1,0.5750000000000001,581.2518535756042,1.45,0.07877835461372695
2130,1.4351815644252268,1.3600451205859743,0.04298555025574361,2.4753093399678803,1.5733115838790104,117.74597204005848,757.0310737000357,0.2697980834939324,0.0,0.999700256440786,52.65765184443946,755.0879144893886,2238.7934887100996,3170.549684451988,0.01053122614104478,3.87,0.5,0.5481250000000001,0.1,3.2,0.001,0.1,0.5750000000000001,747.1219112542225,1.45,0.07877835461372695,1.6029140688891412,0.1334026301017819,0.9454193087751603,0.9723267500049355,90.12248452938513,695.6092704418886,0.2362402504165332,0.0,0.9988479320566362,50.55898470694247,693.1291436228872,1727.8559131052657,763.6329795148417,0.01053122614104478,3.87,0.5,0.5481250000000001,0.1,3.2,0.015,0.1,0.5750000000000001,685.8269232878179,1.45,0.07877835461372695,2.8852037838527425,1.4244501042389044,0.025714812185707082,0.16035838670212132,34.7395754870137,627.3857554557005,0.20377152534420648,0.0,0.9856480829888983,47.17227809600616,620.1384646863636,1363.1153477556352,210.20763399992038,0.01053122614104478,3.87,0.5,0.5481250000000001,0.1,3.2,0.03,0.1,0.5750000000000001,613.79323650003,1.45,0.07877835461372695
2135,1.436735148815837,1.362829342603664,0.16843531762465117,2.1593616139858325,1.4694766462880016,117.92461294355311,796.3067288921684,0.26207710034894116,0.0,0.9986436639865551,55.915673506092446,794.2543790950825,2329.845466111992,3233.3821196848025,0.01053122614104478,3.87,0.5,0.5481250000000001,0.1,3.2,0.001,0.1,0.5750000000000001,786.4620409568126,1.45,0.07877835461372695,1.6017506382975746,0.12766764080124685,0.7864638392355041,0.8868279648474692,89.02285959582908,735.0995111334137,0.23519061828928323,0.0,0.9988990692805901,53.444869247611095,732.4823889944732,1830.3812586291015,793.0750054979655,0.01053122614104478,3.87,0.5,0.5481250000000001,0.1,3.2,0.015,0.1,0.5750000000000001,725.2838477149159,1.45,0.07877835461372695,2.8898086414343713,0.9292525237452762,0.015510682285284001,0.12454188968087807,31.277144168425238,658.9486087264356,0.20948725442339938,0.0,0.9906925004877747,49.12675251459283,651.3124005046761,1430.273901934067,216.99570295112352,0.01053122614104478,3.87,0.5,0.5481250000000001,0.1,3.2,0.03,0.1,0.5750000000000001,645.0069189690563,1.45,0.07877835461372695
2140,1.437706799526924,1.3649554933668064,0.2222390399267926,1.8829908512285405,1.3722211378741185,117.91690971815162,834.6541423414536,0.2917814291995966,0.0,0.9981904801108419,56.199071465866666,832.4962410227164,2406.3189054268287,3049.0484020552285,0.01053122614104478,3.87,0.5,0.5481250000000001,0.1,3.2,0.001,0.1,0.5750000000000001,824.8862413445459,1.45,0.07877835461372695,1.6000090319442646,0.08872507428632197,0.6544730711666606,0.8089950995937247,87.82164207670824,775.1742431905122,0.23844973426054822,0.0,0.9992471825585075,56.068132955327776,772.4204441247008,1933.7216123044054,814.3468027496842,0.01053122614104478,3.87,0.5,0.5481250000000001,0.1,3.2,0.015,0.1,0.5750000000000001,765.331785798248,1.45,0.07877835461372695,2.887778661754361,0.015861625065163174,0.009360963441427018,0.09675207202653087,28.11531132420488,693.7336473250512,0.20991099528877308,0.0,0.9998878551263577,51.6342135958563,685.7056242712131,1520.1660790476658,226.96389497326305,0.01053122614104478,3.87,0.5,0.5481250000000001,0.1,3.2,0.03,0.1,0.5750000000000001,679.3503122195557,1.45,0.07877835461372695
2145,1.4383033939778356,1.366610901766494,0.09062995838897196,1.6414821259865517,1.2812033897810884,117.8109322218366,887.5915815560895,0.256274357338053,0.0,0.9992898524665037,62.7117335770102,885.2912471135688,2624.339682598463,3320.9038795045644,0.01053122614104478,3.87,0.5,0.5481250000000001,0.1,3.2,0.001,0.1,0.5750000000000001,877.716501262632,1.45,0.07877835461372695,1.5978190636809027,0.28543716203136077,0.5448842285558088,0.7381627385311512,86.53902487429852,817.6991810245331,0.23279188003504692,0.0,0.9975012564670316,59.54296938140112,814.802259000244,2054.3090795733438,849.9013367599725,0.01053122614104478,3.87,0.5,0.5481250000000001,0.1,3.2,0.015,0.1,0.5750000000000001,807.8588942269677,1.45,0.07877835461372695,2.8800203789685543,0.1600691125173308,0.005661547401486297,0.07524325485707205,25.243726724850376,728.7557836469767,0.2067752066763569,0.0,0.9984439918480604,54.42213192216037,720.367730335277,1610.6583689555846,238.29968437109025,0.01053122614104478,3.87,0.5,0.5481250000000001,0.1,3.2,0.03,0.1,0.5750000000000001,714.1632251509561,1.45,0.07877835461372695
2150,1.4384412425893087,1.3677459121454074,0.36146122823484017,1.4306439208314918,1.1960952808332168,117.46500115770411,924.3785825413056,0.2806131208004153,0.0,0.9970616998243729,63.139015153023294,921.9789277407277,2674.3275006079934,3126.8617094717492,0.01053122614104478,3.87,0.5,0.5481250000000001,0.1,3.2,0.001,0.1,0.5750000000000001,914.6620849831152,1.45,0.07877835461372695,1.595528855195412,0.05811072923884606,0.45386329366554856,0.6736937684627553,85.16902843778193,858.1593630660315,0.23948969704798712,0.0,0.9995132375558695,61.9046351059809,855.1278090083996,2153.3639223479136,860.1451764588638,0.01053122614104478,3.87,0.5,0.5481250000000001,0.1,3.2,0.015,0.1,0.5750000000000001,848.2882509838188,1.45,0.07877835461372695,2.868111925360691,0.34657508323181196,0.003435330046170815,0.058611688648006165,22.648974022654624,762.390558836907,0.20832444697527314,0.0,0.9965853268513823,56.79717034919239,753.6877840286061,1689.433902690796,246.65114300583886,0.01053122614104478,3.87,0.5,0.5481250000000001,0.1,3.2,0.03,0.1,0.5750000000000001,747.6612136897862,1.45,0.07877835461372695
2155,1.4383879522301477,1.3687626696149366,0.14739968062723907,1.2466484209256667,1.1165341109548184,117.03459924633019,975.3187274366903,0.27799881352180844,0.0,0.9988234059678042,66.82578012423777,972.7830680567063,2862.494556558647,3150.5709863509533,0.01053122614104478,3.87,0.5,0.5481250000000001,0.1,3.2,0.001,0.1,0.5750000000000001,965.5404568930305,1.45,0.07877835461372695,1.5929715254743484,0.17910473627373621,0.37824946138129695,0.6150198869803293,83.74470103693028,903.0177875835573,0.24687497895366148,0.0,0.9984513663384048,64.47953668227531,899.8379833983593,2287.321343694628,871.7520584236131,0.01053122614104478,3.87,0.5,0.5481250000000001,0.1,3.2,0.015,0.1,0.5750000000000001,893.1392624763279,1.45,0.07877835461372695,2.8533689188391427,0.3014946040693481,0.0020929384683970372,0.045748644443273256,20.316569615881967,797.220536975355,0.20359799393157116,0.0,0.9970310053614422,59.72472497927987,788.2134910673499,1776.3743695338194,258.00136415719174,0.01053122614104478,3.87,0.5,0.5481250000000001,0.1,3.2,0.03,0.1,0.5750000000000001,782.3231159441483,1.45,0.07877835461372695
2160,1.438243102320733,1.3694520397117143,0.34188784349898393,1.086175884714633,1.0421976226775003,116.45400647176426,1024.820073027694,0.27318712271909185,0.0,0.9972587767549583,70.66068870350058,1022.1530342906135,3032.3699178201523,3163.024187425624,0.01053122614104478,3.87,0.5,0.5481250000000001,0.1,3.2,0.001,0.1,0.5750000000000001,1015.078267552661,1.45,0.07877835461372695,1.590376899073059,0.9640735858228661,0.31540396365771467,0.5616083721399768,82.27160797607384,951.7935855333966,0.24191185513426203,0.0,0.9916469646363071,68.39424453189946,948.4529358404212,2453.109063370902,905.2364180900457,0.01053122614104478,3.87,0.5,0.5481250000000001,0.1,3.2,0.015,0.1,0.5750000000000001,941.9853069728958,1.45,0.07877835461372695,2.836666225544746,0.10853194672258556,0.0012809434798753618,0.03579027074325314,18.222607517863562,829.8177535346877,0.20274757220493744,0.0,0.9989382647011165,62.215784419312506,820.551861326851,1845.3283865286478,266.16196058287426,0.01053122614104478,3.87,0.5,0.5481250000000001,0.1,3.2,0.03,0.1,0.5750000000000001,814.7962240858222,1.45,0.07877835461372695
2165,1.4380978782287064,1.3700956369585502,0.06815158643522493,0.9462453676694532,0.9727514418747747,115.73187728675768,1072.2291272481993,0.27074416745551083,0.0,0.9994639739634866,74.15281423657204,1069.436085589918,3177.1156690105818,3134.3757034451296,0.01053122614104478,3.87,0.5,0.5481250000000001,0.1,3.2,0.001,0.1,0.5750000000000001,1062.4801738763342,1.45,0.07877835461372695,1.5886147321433877,0.35388832753116656,0.2630969535265056,0.5129297744589464,80.73476259766616,997.3455225467258,0.23799461047023532,0.0,0.9969523136584515,72.0095996203963,993.8527455383013,2587.923436425037,929.0727234576001,0.01053122614104478,3.87,0.5,0.5481250000000001,0.1,3.2,0.015,0.1,0.5750000000000001,987.4280525683598,1.45,0.07877835461372695,2.8185831111707236,1.1041358652721829,0.0007878619582001041,0.028068878819790862,16.34810252399944,862.6731808338694,0.2056412378677107,0.0,0.9889744296126274,64.4467136798067,853.1628410580072,1915.6377403370545,272.1959647422552,0.01053122614104478,3.87,0.5,0.5481250000000001,0.1,3.2,0.03,0.1,0.5750000000000001,847.7293003047705,1.45,0.07877835461372695
2170,1.437674541951068,1.3704062054287869,0.2493900281164568,0.8242937548422328,0.9079062478264112,114.88407002962991,1119.2440442720526,0.2685403420637348,0.0,0.9980036111022037,77.62261217993509,1116.3272119018277,3314.356581964731,3086.504448107156,0.01053122614104478,3.87,0.5,0.5481250000000001,0.1,3.2,0.001,0.1,0.5750000000000001,1109.5722578026018,1.45,0.07877835461372695,1.5869109409419393,0.013653900564405085,0.21954266311623616,0.46855379959641363,79.14350875043701,1040.9849936047697,0.23231543525622422,0.0,0.9998924557693764,75.70017923452804,1037.347203614456,2703.1556836665695,949.8781853435719,0.01053122614104478,3.87,0.5,0.5481250000000001,0.1,3.2,0.015,0.1,0.5750000000000001,1031.0312143943481,1.45,0.07877835461372695,2.8005394059002615,0.36165962677702895,0.0004869777474946644,0.022067572306320067,14.673083272141191,897.7780682884488,0.20680265949628623,0.0,0.9963852015388668,66.95669092365553,888.0070367829333,2002.8054427486338,279.4471165249169,0.01053122614104478,3.87,0.5,0.5481250000000001,0.1,3.2,0.03,0.1,0.5750000000000001,882.6132591395016,1.45,0.07877835461372695
2175,1.4371482755359284,1.3706546267021806,0.2792975566336426,0.7180256496115391,0.8473639416517198,113.92149866460387,1166.1003284711157,0.2718668771702404,0.0,0.9977574916592807,80.49118704713199,1163.060283302344,3446.9189863580605,2990.3617270974387,0.01053122614104478,3.87,0.5,0.5481250000000001,0.1,3.2,0.001,0.1,0.5750000000000001,1156.489220247898,1.45,0.07877835461372695,1.5849332604858353,0.4906547177002349,0.1832741271965237,0.4281052758335544,77.50448034111255,1082.1203195650553,0.2473960671247077,0.0,0.9957483377327356,77.1387405346081,1078.3481990744635,2793.808726322155,927.4237843315233,0.01053122614104478,3.87,0.5,0.5481250000000001,0.1,3.2,0.015,0.1,0.5750000000000001,1072.2846886488894,1.45,0.07877835461372695,2.7822409035533746,0.3890034858013968,0.00030250586825761463,0.01739269583065301,13.175220634594908,933.5864615234683,0.20950192976931128,0.0,0.9960949100086871,69.38916015912847,923.558052167963,2095.27043237231,285.62470786745854,0.01053122614104478,3.87,0.5,0.5481250000000001,0.1,3.2,0.03,0.1,0.5750000000000001,918.3217308566263,1.45,0.07877835461372695
2180,1.437365340515507,1.3708897905095472,0.5530768707799302,0.6254299783966933,0.7908413105021092,112.86287886548524,1215.948117319457,0.271422443037356,0.0,0.9955476404734418,83.97589756406435,1212.777030191672,3607.426756203783,2912.5708133895446,0.01053122614104478,3.87,0.5,0.5481250000000001,0.1,3.2,0.001,0.1,0.5750000000000001,1206.4132838645992,1.45,0.07877835461372695,1.5832708325798346,0.0842161698249605,0.15305018052564348,0.3912162835640197,75.85863840578925,1133.6656163913983,0.24296393185570447,0.0,0.9992785622831096,81.27555726455164,1129.722101881989,2976.1111888548544,947.2804608015313,0.01053122614104478,3.87,0.5,0.5481250000000001,0.1,3.2,0.015,0.1,0.5750000000000001,1123.7265184012124,1.45,0.07877835461372695,2.764068081679346,0.36658648421955475,0.00018884517989098168,0.013742095178355507,11.836216771715847,970.8470373074513,0.20936006974536492,0.0,0.996306543528472,72.17305118037434,960.5541711053128,2199.187111429312,293.1825584439942,0.01053122614104478,3.87,0.5,0.5481250000000001,0.1,3.2,0.03,0.1,0.5750000000000001,955.4623253044489,1.45,0.07877835461372695
2185,1.4372712292330163,1.3714153057567482,1.6155489996352062,0.5447214599382562,0.7380524777671681,111.70515123753106,1265.9557625132024,0.2699441422666838,0.0,0.9869567648542857,87.61003526929781,1262.6517281148147,3767.3876293670164,2826.787648097029,0.01053122614104478,3.87,0.5,0.5481250000000001,0.1,3.2,0.001,0.1,0.5750000000000001,1256.6071833807466,1.45,0.07877835461372695,1.5814636914535043,0.2094351655800413,0.12785860555280215,0.3575732170518398,74.17358114503098,1181.3462588496989,0.23500000631872767,0.0,0.9981927137483992,85.58029814617285,1177.246260261931,3122.4889621133043,964.2293726529774,0.01053122614104478,3.87,0.5,0.5481250000000001,0.1,3.2,0.015,0.1,0.5750000000000001,1171.4240508135308,1.45,0.07877835461372695,2.7462684838116806,0.11018506477699934,0.00011846168809614345,0.01088401066225789,10.638064994383901,1007.4979594577427,0.21213189922265546,0.0,0.9988881110733054,74.63697438552767,996.953648451353,2298.7762927519343,298.07295242574065,0.01053122614104478,3.87,0.5,0.5481250000000001,0.1,3.2,0.03,0.1,0.5750000000000001,991.9785503825387,1.45,0.07877835461372695
2190,1.4372340473441174,1.3733241480170642,0.12988599083327346,0.47425747449427125,0.6886635423007895,110.45191321579479,1315.4892376574849,0.2833709924925277,0.0,0.9989512313253871,89.3442839065876,1312.0463610455977,3920.673462684275,2647.6654573647984,0.01053122614104478,3.87,0.5,0.5481250000000001,0.1,3.2,0.001,0.1,0.5750000000000001,1305.9720190050523,1.45,0.07877835461372695,1.579702664264698,0.10633251835549144,0.10685263131938402,0.3268832074600713,72.45503219730672,1223.8161106399184,0.2514104994165008,0.0,0.9990778895088204,86.75093198442012,1219.5781695721173,3220.221803953732,927.3283103194724,0.01053122614104478,3.87,0.5,0.5481250000000001,0.1,3.2,0.015,0.1,0.5750000000000001,1213.9251266745232,1.45,0.07877835461372695,2.7288302618972513,0.509092502666439,7.466272763957897e-5,0.008640759667967799,9.566197762511065,1045.478524006355,0.2145367873908896,0.0,0.9948127908820503,77.22552800384354,1034.675229705767,2409.555882511013,302.7545917460638,0.01053122614104478,3.87,0.5,0.5481250000000001,0.1,3.2,0.03,0.1,0.5750000000000001,1029.9034666868556,1.45,0.07877835461372695
2195,1.4374230924307407,1.374696052492344,0.0475415016521796,0.41280181604741095,0.6424965494439725,109.12969007921949,1373.9646406454247,0.2957393398737021,0.0,0.999618543544344,91.70247431925128,1370.361535189942,4165.491408945097,2491.607208469733,0.01053122614104478,3.87,0.5,0.5481250000000001,0.1,3.2,0.001,0.1,0.5750000000000001,1364.4176811588554,1.45,0.07877835461372695,1.577898138260269,0.13903481328464035,0.08933125327098873,0.29888334391696825,70.74543793745688,1278.332464044019,0.25367747929050977,0.0,0.998794286898066,90.34051028684617,1273.9158465164899,3427.4763847740437,923.4874761784447,0.01053122614104478,3.87,0.5,0.5481250000000001,0.1,3.2,0.015,0.1,0.5750000000000001,1268.398461576346,1.45,0.07877835461372695,2.712270456346455,1.0373496091545455,4.726907292909726e-5,0.00687525075390689,8.606652357482952,1084.233182428176,0.20063138135191932,0.0,0.9893671488816009,81.5203043839696,1073.164989333355,2527.5795583926188,315.8730701745806,0.01053122614104478,3.87,0.5,0.5481250000000001,0.1,3.2,0.03,0.1,0.5750000000000001,1068.607977218032,1.45,0.07877835461372695
2200,1.4380890301848301,1.3755477448367075,0.39535778890994255,0.35925205843004326,0.5993763912851784,107.73739035349902,1438.647694258906,0.26764170953544725,0.0,0.9968176743796717,99.85395349316371,1434.8702867585066,4477.240943757626,2536.3279149192035,0.01053122614104478,3.87,0.5,0.5481250000000001,0.1,3.2,0.001,0.1,0.5750000000000001,1429.094726604944,1.45,0.07877835461372695,1.5761200099864938,1.0338910455204762,0.07471057416497219,0.27333235111302173,69.02230962695016,1332.527211927329,0.23741559726343572,0.0,0.9910107278088692,96.2321952584141,1327.9337227440108,3632.7111527884654,946.0446236105786,0.01053122614104478,3.87,0.5,0.5481250000000001,0.1,3.2,0.015,0.1,0.5750000000000001,1322.6709926528567,1.45,0.07877835461372695,2.6970887598990796,0.9743244829679262,3.004919102840092e-5,0.005481714241767891,7.744149693822318,1112.7435176656747,0.19924799289003817,0.0,0.9898556045332496,83.81795355622255,1101.5110908648917,2564.491926399928,316.4934387807847,0.01053122614104478,3.87,0.5,0.5481250000000001,0.1,3.2,0.03,0.1,0.5750000000000001,1097.1307101632149,1.45,0.07877835461372695
2205,1.4388734158836658,1.3763646129425848,0.4025041900811224,0.3126007416982361,0.5591070932283332,106.21000193951043,1481.5037360397364,0.264495446058677,0.0,0.9967205032304272,103.27234367441726,1477.6091814722831,4556.19278346264,2388.120901442745,0.01053122614104478,3.87,0.5,0.5481250000000001,0.1,3.2,0.001,0.1,0.5750000000000001,1472.0466434032196,1.45,0.07877835461372695,1.5753218615793407,0.3325347305025649,0.062493190713482846,0.24998638105601442,67.26814508652805,1373.6223627220752,0.24501084020901084,0.0,0.9970781959385004,98.20780310598096,1368.8920048479338,3715.193227128558,908.1897616474438,0.01053122614104478,3.87,0.5,0.5481250000000001,0.1,3.2,0.015,0.1,0.5750000000000001,1363.729340219617,1.45,0.07877835461372695,2.683168869162868,0.6616341532582843,1.917433957821274e-5,0.00437885139942117,6.97082825546659,1141.8028667228907,0.20349486791005533,0.0,0.9930036020493064,85.55850542606284,1130.3957683215824,2607.3122973101076,312.8153307031934,0.01053122614104478,3.87,0.5,0.5481250000000001,0.1,3.2,0.03,0.1,0.5750000000000001,1126.153304150472,1.45,0.07877835461372695
2210,1.43941293835484,1.3771588281947913,0.3077885825223771,0.27196664493746253,0.5215042137293452,104.61724449611148,1524.4887506091118,0.2679625470982404,0.0,0.9974606593668397,105.77055911801435,1520.4765713284783,4637.134444537419,2204.587032128539,0.01053122614104478,3.87,0.5,0.5481250000000001,0.1,3.2,0.001,0.1,0.5750000000000001,1515.1095184415421,1.45,0.07877835461372695,1.5745792495941828,0.0832744140115915,0.05228176870076992,0.22865206909356828,65.5217319690031,1421.823081434681,0.2235563480318669,0.0,0.9992646757232878,104.5445652198645,1416.9313494559328,3864.426806011584,921.0004685601031,0.01053122614104478,3.87,0.5,0.5481250000000001,0.1,3.2,0.015,0.1,0.5750000000000001,1411.900346905086,1.45,0.07877835461372695,2.6701911288347895,3.2689468657964604,1.2277993959185459e-5,0.0035039968549051893,6.277465997315325,1175.1443182364458,0.20625613491073708,0.0,0.9649916997146235,87.78713589107394,1163.517417935878,2685.423927811509,310.2501710339208,0.01053122614104478,3.87,0.5,0.5481250000000001,0.1,3.2,0.03,0.1,0.5750000000000001,1159.7463817337143,1.45,0.07877835461372695
2215,1.4401521356274354,1.3778291644964349,1.0465991342061056,0.23658451536874459,0.4863995429364059,102.97652727789206,1572.182023699191,0.28093088161936797,0.0,0.9912729414023443,107.15822704770748,1568.0402952744016,4768.1445466268215,1990.6974103893267,0.01053122614104478,3.87,0.5,0.5481250000000001,0.1,3.2,0.001,0.1,0.5750000000000001,1562.9496212156434,1.45,0.07877835461372695,1.5736341299187788,0.4814779963197868,0.043747477544644496,0.209158976724989,63.7476945103222,1453.455627350721,0.2527771439023496,0.0,0.9956580456832833,102.85748306967703,1448.4610659546881,3860.101811376916,829.8391896058748,0.01053122614104478,3.87,0.5,0.5481250000000001,0.1,3.2,0.015,0.1,0.5750000000000001,1443.696298390264,1.45,0.07877835461372695,2.660314758248604,2.185199278379029,7.882959733626679e-6,0.0028076609007546974,5.6548278247981045,1210.5851729508279,0.20822900982292467,0.0,0.976334185818179,90.21014213184019,1198.696060252808,2781.7400059989586,307.25479306137476,0.01053122614104478,3.87,0.5,0.5481250000000001,0.1,3.2,0.03,0.1,0.5750000000000001,1194.9393949764265,1.45,0.07877835461372695
2220,1.441479131588502,1.379203154286453,1.5607036960910312,0.20575209273549622,0.4535990440196013,101.30642490536975,1630.4303059605625,0.2919846633500843,0.0,0.9869284198408471,109.4294219733893,1626.126558607351,5010.945748411512,1804.7530238160696,0.01053122614104478,3.87,0.5,0.5481250000000001,0.1,3.2,0.001,0.1,0.5750000000000001,1621.2450953687862,1.45,0.07877835461372695,1.572960046551313,2.747225359428172,0.03661141286146876,0.19134109036343647,62.0202585603207,1511.7589692929382,0.21552254057645587,0.0,0.9751836819233007,112.34365480190928,1506.5685076848702,4104.018653447381,861.4087173249402,0.01053122614104478,3.87,0.5,0.5481250000000001,0.1,3.2,0.015,0.1,0.5750000000000001,1502.1915485235347,1.45,0.07877835461372695,2.652139045444299,1.5678888742110362,5.072316055258737e-6,0.0022521802892439,5.094210509036747,1246.8597155061248,0.2006236846142434,0.0,0.9828285202266249,93.81061594977743,1234.689501411124,2886.694891214055,308.0239397753266,0.01053122614104478,3.87,0.5,0.5481250000000001,0.1,3.2,0.03,0.1,0.5750000000000001,1230.999697860307,1.45,0.07877835461372695
2225,1.4435924334613806,1.3816803060189609,0.9383589648125463,0.1788540424593431,0.42291138842474213,99.59672504791251,1695.1492240986772,0.2711851562711976,0.0,0.992128479033144,117.1162786980812,1690.658554367609,5325.806871875666,1734.7339362733487,0.01053122614104478,3.87,0.5,0.5481250000000001,0.1,3.2,0.001,0.1,0.5750000000000001,1685.8362912672071,1.45,0.07877835461372695,1.5748724575864195,1.5556375660905304,0.030627223713304157,0.17500635335125453,60.25053908832127,1536.8880597762202,0.2505941480539978,0.0,0.9856059497075721,109.10079577834185,1531.5984813805946,4042.162669525507,750.7297720659233,0.01053122614104478,3.87,0.5,0.5481250000000001,0.1,3.2,0.015,0.1,0.5750000000000001,1527.306435817489,1.45,0.07877835461372695,2.644927452879731,5.48282590350735,3.2701304616921006e-6,0.0018083502043830173,4.587907236974929,1276.318581039626,0.20128045936126704,0.0,0.938908167966565,95.99111788004318,1263.9284851780662,2939.402942031763,299.6740870084755,0.01053122614104478,3.87,0.5,0.5481250000000001,0.1,3.2,0.03,0.1,0.5750000000000001,1260.8170796358581,1.45,0.07877835461372695
2230,1.446906610920067,1.384332850030781,0.46597343658741264,0.15539430940367882,0.39420084906514197,97.79240798951042,1740.2150751115107,0.3067869352075194,0.0,0.9960359591490007,114.3597224026749,1735.5873023882352,5430.704590248632,1450.5985608442368,0.01053122614104478,3.87,0.5,0.5481250000000001,0.1,3.2,0.001,0.1,0.5750000000000001,1730.9000487823212,1.45,0.07877835461372695,1.5775670485400588,3.6161991724691425,0.02560682420397915,0.16002132421642795,58.531770737870964,1596.6095105478275,0.23603561670295928,0.0,0.9664647468609149,115.56426675480567,1591.0955657930244,4300.526910233475,733.287580700881,0.01053122614104478,3.87,0.5,0.5481250000000001,0.1,3.2,0.015,0.1,0.5750000000000001,1587.1431280699237,1.45,0.07877835461372695,2.641841510872829,5.782779728840466,2.110006807211835e-6,0.0014525862477704498,4.13155934138843,1307.0497723117094,0.20698647821844945,0.0,0.9344917112544749,97.60931605323941,1294.3909387011083,3004.5772480385194,287.10014488465146,0.01053122614104478,3.87,0.5,0.5481250000000001,0.1,3.2,0.03,0.1,0.5750000000000001,1291.4461857095769,1.45,0.07877835461372695
2235,1.4501940037976564,1.386592903746656,0.47866957828323226,0.1349538713127357,0.3673606828618649,96.00024040326876,1814.9224967297764,0.2907817061613872,0.0,0.995935571630283,122.03064819731313,1810.0802816448395,5861.864359078285,1360.6222607434897,0.01053122614104478,3.87,0.5,0.5481250000000001,0.1,3.2,0.001,0.1,0.5750000000000001,1805.5027526585857,1.45,0.07877835461372695,1.5829917709996137,0.9468062125093345,0.021385216517264095,0.1462368507499532,56.793192534449794,1640.234214931342,0.24749350408935278,0.0,0.9911037485146413,116.92529282434283,1634.530586472423,4412.529670373007,663.5996205041394,0.01053122614104478,3.87,0.5,0.5481250000000001,0.1,3.2,0.015,0.1,0.5750000000000001,1630.4496020733243,1.45,0.07877835461372695,2.6423213152740015,2.4847688332026845,1.3612775049424221e-6,0.0011667379761293544,3.719513201026977,1342.6010618146856,0.19688093282600153,0.0,0.9714760369416886,101.5211755666462,1329.5931888012597,3110.7323081376403,282.040598680913,0.01053122614104478,3.87,0.5,0.5481250000000001,0.1,3.2,0.03,0.1,0.5750000000000001,1326.4346778977606,1.45,0.07877835461372695
2240,1.454362837443116,1.3885426903689118,2.040245267325109,0.11715878004767868,0.34228464769498307,94.12985901487355,1870.474411928388,0.2861684792263052,0.0,0.9825039755463978,126.60342467885997,1865.4699396204946,6086.40813987786,1210.6560503693204,0.01053122614104478,3.87,0.5,0.5481250000000001,0.1,3.2,0.001,0.1,0.5750000000000001,1861.2151273734505,1.45,0.07877835461372695,1.5877626903929722,2.5173969774538922,0.01784183708192026,0.1335733397123852,55.06479118647609,1694.1727035966776,0.23390030197035175,0.0,0.9761655595677272,122.97009522177768,1688.2459494642942,4623.183071349647,624.7720801450599,0.01053122614104478,3.87,0.5,0.5481250000000001,0.1,3.2,0.015,0.1,0.5750000000000001,1684.4613844470878,1.45,0.07877835461372695,2.642940643084382,5.674872683294096,8.780863677781565e-7,0.0009370626274578218,3.3454081529523543,1368.475650495743,0.19779727794961055,0.0,0.9334826204028369,103.39009319730982,1355.2108739201365,3142.6048042185357,265.73781588318775,0.01053122614104478,3.87,0.5,0.5481250000000001,0.1,3.2,0.03,0.1,0.5750000000000001,1352.5135874097562,1.45,0.07877835461372695
2245,1.4596227463394473,1.39192715600398,2.8796157706021726,0.10164474239892347,0.31881772597978847,92.21863530913944,1920.9795787590233,0.29833064095834594,0.0,0.9749806164687185,127.81953489300253,1915.814894102696,6257.068655083749,1021.5380106193616,0.01053122614104478,3.87,0.5,0.5481250000000001,0.1,3.2,0.001,0.1,0.5750000000000001,1911.8075414465893,1.45,0.07877835461372695,1.5936058071865729,7.220558142899676,0.014867405978573434,0.12193197274945335,53.32327684925379,1733.5644341074772,0.23618200906667935,0.0,0.9304816457786058,125.49278922584382,1727.4551567591127,4699.923504199107,552.3365156569105,0.01053122614104478,3.87,0.5,0.5481250000000001,0.1,3.2,0.015,0.1,0.5750000000000001,1724.2821724437504,1.45,0.07877835461372695,2.646330572364652,6.412472960134033,5.658903393582713e-7,0.0007522568307155949,3.0070866150418336,1396.3189273956018,0.18309015431487954,0.0,0.9233505050709332,107.43651010827845,1382.749520699533,3193.2942407405653,254.53523945984594,0.01053122614104478,3.87,0.5,0.5481250000000001,0.1,3.2,0.03,0.1,0.5750000000000001,1380.2482704411143,1.45,0.07877835461372695
2250,1.4677687377316238,1.397318817121673,4.646468845639276,0.08809450942294049,0.29680719233694536,90.2913524818599,1981.6890853879777,0.28488232436116895,0.0,0.9592881727665388,134.40416101092043,1976.319823610714,6546.490316284206,898.0784217082314,0.01053122614104478,3.87,0.5,0.5481250000000001,0.1,3.2,0.001,0.1,0.5750000000000001,1972.6174636374496,1.45,0.07877835461372695,1.6050613223374766,83.1847990129357,0.012359116814768078,0.11117156477610665,51.59111269647503,1776.3678777016141,0.26220760675785276,0.0,0.18689398591095288,124.42157442140723,1770.0174318666204,4811.479968422647,457.1794874538059,0.01053122614104478,3.87,0.5,0.5481250000000001,0.1,3.2,0.015,0.1,0.5750000000000001,1769.9833921843515,1.45,0.07877835461372695,2.652511717922898,8.689466761664717,3.640874926951209e-7,0.0006033966296683475,2.6997787206028527,1411.5734336469616,0.2093859443285297,0.0,0.8931131628710423,105.13032621456965,1397.7916272630155,3149.1576603544427,219.90999272839153,0.01053122614104478,3.87,0.5,0.5481250000000001,0.1,3.2,0.03,0.1,0.5750000000000001,1395.632753137937,1.45,0.07877835461372695
2255,1.47906729952491,1.4061356091858506,2.5131694028620815,0.07622202043716869,0.27608335776929527,88.30227292604937,2027.9470210074737,0.2832697513486547,0.0,0.977619176636249,137.84215921552777,2022.3828680003392,6675.4563074450125,747.5136624636013,0.01053122614104478,3.87,0.5,0.5481250000000001,0.1,3.2,0.001,0.1,0.5750000000000001,2018.6379463935498,1.45,0.07877835461372695,1.6927014734485726,8.963368858995977,0.010083158753045416,0.10041493291859242,49.87580628765176,1843.9210546990942,0.23950352061269292,0.0,0.9122103611136262,132.86587348741372,1836.589583823087,5161.646352882914,427.70318190728227,0.01053122614104478,3.87,0.5,0.5481250000000001,0.1,3.2,0.015,0.1,0.5750000000000001,1833.7846717109235,1.45,0.07877835461372695,2.6627123812745923,10.867034294313871,2.3360783171876948e-7,0.00048332994084659134,2.422996195151438,1454.0404082236946,0.21525305946435952,0.0,0.8650263128163111,107.49903902448433,1439.7345789729302,3320.6755166207586,198.69284483534446,0.01053122614104478,3.87,0.5,0.5481250000000001,0.1,3.2,0.03,0.1,0.5750000000000001,1437.8283744337714,1.45,0.07877835461372695
2260,1.489202274461949,1.4152872984469669,4.43666936004731,0.06583371961282795,0.2565808247177251,86.26497198085255,2073.5314844272043,0.2643845167525181,0.0,0.9598159174735051,144.6713790094995,2067.7679631851083,6800.885540672504,627.0672571880266,0.01053122614104478,3.87,0.5,0.5481250000000001,0.1,3.2,0.001,0.1,0.5750000000000001,2064.357932346181,1.45,0.07877835461372695,1.7690136374450522,6.063250457703139,0.008088983888090925,0.08993877855569823,47.90178989320633,1882.6719597574838,0.2154480070832839,0.0,0.9395162015258824,139.88684694299147,1874.4962575917152,5243.889979515619,382.87443317840075,0.01053122614104478,3.87,0.5,0.5481250000000001,0.1,3.2,0.015,0.1,0.5750000000000001,1871.579985518312,1.45,0.07877835461372695,2.6777479539891456,24.259818228464518,1.4928285495340382e-7,0.00038637139510243747,2.171671234532496,1497.7277948450085,0.1946095595225104,0.0,0.6957966184022902,113.697264448466,1482.8252537642622,3508.3104687170717,184.10836928081974,0.01053122614104478,3.87,0.5,0.5481250000000001,0.1,3.2,0.03,0.1,0.5750000000000001,1481.8245517217074,1.45,0.07877835461372695
2265,1.5231882047283196,1.4266750427849604,1.358507897894728,0.056736303294580515,0.23819383555117565,84.16152884645898,2102.497761303164,0.2752061050178883,0.0,0.9873834645564846,144.51816431023482,2096.5593029362362,6744.77627464957,475.6196072615422,0.01053122614104478,3.87,0.5,0.5481250000000001,0.1,3.2,0.001,0.1,0.5750000000000001,2093.0492584000845,1.45,0.07877835461372695,1.8331969223298903,10.787388053686417,0.006395751009865118,0.07997343940249861,45.73717864777187,1898.0859740705732,0.2521908152853201,0.0,0.8890266182064269,134.41934107267284,1889.2343662307724,5112.605483888587,291.7241870187442,0.01053122614104478,3.87,0.5,0.5481250000000001,0.1,3.2,0.015,0.1,0.5750000000000001,1886.8722899146262,1.45,0.07877835461372695,2.706955807025812,11.59978613026452,9.464713188409156e-8,0.0003076477399300888,1.9419686411906205,1518.1246780839058,0.22616119473738555,0.0,0.8508026908213571,110.65337924057144,1502.6878588961824,3513.508365173758,147.6029730015537,0.01053122614104478,3.87,0.5,0.5481250000000001,0.1,3.2,0.03,0.1,0.5750000000000001,1501.0173648254927,1.45,0.07877835461372695
2270,1.5591445091775393,1.4364666764226985,5.544724612350555,0.04880314960767299,0.22091434903073406,82.03543600361974,2146.550513696211,0.27725783663755904,0.0,0.9475697625595445,147.1579062269529,2140.4041214831573,6862.822612492159,355.33086200609097,0.01053122614104478,3.87,0.5,0.5481250000000001,0.1,3.2,0.001,0.1,0.5750000000000001,2137.408762869527,1.45,0.07877835461372695,1.8915374400151135,1.4088912830814475,0.004989421768352175,0.07063583912117258,43.50067605911636,1956.9496480699454,0.17702637463480625,0.0,0.9853870616113137,152.41806431536796,1947.2334226695937,5398.2017178456135,272.5496736985661,0.01053122614104478,3.87,0.5,0.5481250000000001,0.1,3.2,0.015,0.1,0.5750000000000001,1944.1864032882897,1.45,0.07877835461372695,2.7370735806174,52.512138005572154,5.951999580834607e-8,0.00024396720232102115,1.7329455436002612,1569.1123766993478,0.20509303521399708,0.0,0.3207188010752052,117.5749980771622,1552.8000827353603,3772.0509573039303,128.95927666743373,0.01053122614104478,3.87,0.5,0.5481250000000001,0.1,3.2,0.03,0.1,0.5750000000000001,1552.6946443387922,1.45,0.07877835461372695
2275,1.6762759499581479,1.4493572519032447,15.559387609442979,0.041873694552371735,0.20463062955572348,79.88160277349662,2193.2997158585104,0.25615884687490875,0.0,0.8503491265382651,154.80606740721532,2186.90624155547,7015.494772467328,262.95056542164184,0.01053122614104478,3.87,0.5,0.5481250000000001,0.1,3.2,0.001,0.1,0.5750000000000001,2184.785780361515,1.45,0.07877835461372695,1.9364803716444317,6.254261144942753,0.00385159991074092,0.062061259338986347,41.12671649898868,1930.9326453505262,0.22397694064042042,0.0,0.9316728734222037,141.8173647952605,1920.8846050214681,4908.445485312703,182.2332663130799,0.01053122614104478,3.87,0.5,0.5481250000000001,0.1,3.2,0.015,0.1,0.5750000000000001,1918.4737850648353,1.45,0.07877835461372695,2.7981351402788794,38.25892002496567,3.6813458939954083e-8,0.00019186833751287386,1.5410261591874292,1593.6277262635954,0.19867180610738727,0.0,0.49355678830047256,120.29824239127636,1576.3131329941916,3819.5926566182006,103.60724235915131,0.01053122614104478,3.87,0.5,0.5481250000000001,0.1,3.2,0.03,0.1,0.5750000000000001,1575.977247823317,1.45,0.07877835461372695
2280,1.773461653606995,1.4749449560327108,49.37104434066652,0.03574733836719627,0.18906966538076983,77.66191172037051,2218.781102850357,0.2307696848010333,0.0,0.5122466222025852,162.05007867993268,2212.0829642429326,6940.84053902475,179.3363161617332,0.01053122614104478,3.87,0.5,0.5481250000000001,0.1,3.2,0.001,0.1,0.5750000000000001,2211.596038094447,1.45,0.07877835461372695,1.9748955128637207,5.50812834687479,0.002946332464908588,0.05428012955869383,38.794854434943666,1973.0635127486457,0.20366855000277048,0.0,0.9388065715888929,148.67645389276308,1962.384838038718,5046.857420010645,135.8301620646995,0.01053122614104478,3.87,0.5,0.5481250000000001,0.1,3.2,0.015,0.1,0.5750000000000001,1960.0234826524388,1.45,0.07877835461372695,2.8714697116486816,50.341362270231095,2.2317217146948014e-8,0.00014938948137987497,1.3629313021694183,1611.7426675641054,0.20257162928418285,0.0,0.3153451449182032,121.01852894180178,1593.301338033141,3820.9424988525207,77.10950114975736,0.01053122614104478,3.87,0.5,0.5481250000000001,0.1,3.2,0.03,0.1,0.5750000000000001,1593.210408686656,1.45,0.07877835461372695
2285,1.8666031374625758,1.5430045494657931,62.632603857208075,0.0301014888800814,0.17349780655697467,75.33162119651949,2222.627677948588,0.23595988405566407,0.0,0.35827265700049704,161.20906351362038,2215.2844133518624,6650.343532980073,105.3150715333564,0.01053122614104478,3.87,0.5,0.5481250000000001,0.1,3.2,0.001,0.1,0.5750000000000001,2215.1161837534087,1.45,0.07877835461372695,2.007267300443278,20.095354368916766,0.0022364623206916493,0.047291249937928784,36.465125201007346,1990.6325353458644,0.21626807667369338,0.0,0.7701093751440492,147.67895543656,1979.5026788849254,4976.094541358099,85.55543372572413,0.01053122614104478,3.87,0.5,0.5481250000000001,0.1,3.2,0.015,0.1,0.5750000000000001,1978.2186485717177,1.45,0.07877835461372695,2.961437944087111,31.812315977012062,1.319846260923008e-8,0.00011488456210139846,1.1980142045830238,1634.7768762601818,0.19416869741368836,0.0,0.5568471483051565,123.9216456541086,1614.8815161173563,3869.9244775482985,55.33938832909265,0.01053122614104478,3.87,0.5,0.5481250000000001,0.1,3.2,0.03,0.1,0.5750000000000001,1614.4561560508396,1.45,0.07877835461372695
2290,1.9553672574102203,1.6526023869620545,29.387690127103458,0.024771806420209236,0.1573906173194871,72.76731369996926,2241.969712415658,0.1992418487711111,0.0,0.6899411724111039,170.2769602740889,2233.47292918804,6540.354142230801,60.879498132902796,0.01053122614104478,3.87,0.5,0.5481250000000001,0.1,3.2,0.001,0.1,0.5750000000000001,2232.4751052211036,1.45,0.07877835461372695,2.047714012471913,25.435903690765812,0.0016811359036352578,0.04100165732790881,34.19483407179326,2027.2685601205767,0.1927132942736544,0.0,0.7032134171464852,154.90571620177028,2015.4724739775897,5077.461777559736,51.74383492315005,0.01053122614104478,3.87,0.5,0.5481250000000001,0.1,3.2,0.015,0.1,0.5750000000000001,2014.5207616036553,1.45,0.07877835461372695,3.05078525376648,35.13519124573175,7.615026122351334e-9,8.726411703759646e-5,1.044851377180684,1648.6778595564967,0.1497834540940823,0.0,0.4959020632382176,131.76798407154675,1627.3843557985222,3852.5359490070045,37.697226923816295,0.01053122614104478,3.87,0.5,0.5481250000000001,0.1,3.2,0.03,0.1,0.5750000000000001,1627.093287582797,1.45,0.07877835461372695
2295,2.048040652499324,1.7630000143636266,83.92282522885206,0.01989932778686879,0.14106497718026537,69.75197490235175,2224.0001247870146,0.1485774762285593,0.0,0.07303555579190772,179.58191016972566,2214.407720271602,6086.0260539445335,27.92650563189592,0.01053122614104478,3.87,0.5,0.5481250000000001,0.1,3.2,0.001,0.1,0.5750000000000001,2214.4059929362966,1.45,0.07877835461372695,2.0986594201013213,21.893709829596244,0.001248087923824154,0.03532828786997969,31.944745008378387,2035.0979195455923,0.1409919231601026,0.0,0.7357276250864214,165.4099568495268,2022.659726691009,4939.315066787807,26.545159399470055,0.01053122614104478,3.87,0.5,0.5481250000000001,0.1,3.2,0.015,0.1,0.5750000000000001,2021.641747777861,1.45,0.07877835461372695,3.140920535794356,47.93034202324823,4.2848964928515234e-9,6.545912077664597e-5,0.9034707844143619,1617.2130805931433,0.10430588449111716,0.0,0.2719502578934255,136.07772932665327,1595.0735101998955,3493.442216266383,20.51395721570793,0.01053122614104478,3.87,0.5,0.5481250000000001,0.1,3.2,0.03,0.1,0.5750000000000001,1595.0236580984658,1.45,0.07877835461372695
2300,2.14767443011704,1.9160393425170483,62.305607974359596,0.015435268618562445,0.12423875650763108,66.31192422939256,2155.473495097505,0.03502615148041595,0.0,0.26272468945608624,197.09797420120677,2144.4925536095257,5238.791793473067,9.215773683673607,0.01053122614104478,3.87,0.5,0.5481250000000001,0.1,3.2,0.001,0.1,0.5750000000000001,2144.4359077686377,1.45,0.07877835461372695,2.1542118227421803,42.53870696881965,0.0009139610519888979,0.03023178876594797,29.690635606507296,1982.7511749407734,0.028685301173700516,0.0,0.4527808384968871,182.2314033304162,1969.982875125087,4341.791943587291,9.412662161315332,0.01053122614104478,3.87,0.5,0.5481250000000001,0.1,3.2,0.015,0.1,0.5750000000000001,1969.7436660880117,1.45,0.07877835461372695,3.2387712324833697,15.18544801502119,2.3461446179329e-9,4.843701702141555e-5,0.7744968887160106,1544.3889875719722,0.0350988114538952,0.0,0.7492066174930474,139.7999708607364,1521.9085226705186,2894.694461494226,7.650098742341933,0.01053122614104478,3.87,0.5,0.5481250000000001,0.1,3.2,0.03,0.1,0.5750000000000001,1521.1452775334117,1.45,0.07877835461372695
2305,2.2416913155564795,2.081430491051761,9.217760687032941,0.011507730471884331,0.10727409040343494,62.206964208910414,1934.7582242862252,0.002138831179385102,0.0,0.8738492511328244,182.74270852193195,1923.1266480392458,3469.010850855649,-0.0,0.01053122614104478,3.87,0.5,0.5481250000000001,0.1,3.2,0.001,0.1,0.5750000000000001,1921.7448949452212,1.45,0.07877835461372695,2.229650723942479,59.740718947419246,0.0006567538159719738,0.025627208509160216,27.38962898640034,1773.4789155584872,0.0026804200015214537,0.0,0.1080600048742199,167.39713757724107,1761.2443726816134,2846.298176252478,-0.0,0.01053122614104478,3.87,0.5,0.5481250000000001,0.1,3.2,0.015,0.1,0.5750000000000001,1761.2407346248224,1.45,0.07877835461372695,3.321386170867867,15.705902933838065,1.2552592960846097e-9,3.5429638667147165e-5,0.6570846006830058,1393.435304968738,0.004490404465497507,0.0,0.7015529693732147,130.1451343104916,1372.104187764897,1976.2400890183671,-0.0,0.01053122614104478,3.87,0.5,0.5481250000000001,0.1,3.2,0.03,0.1,0.5750000000000001,1371.5661192119817,1.45,0.07877835461372695
